"rank","treatment","outcome","factor","horizon","outcome_beta","outcome_p_value","factor_beta","factor_p_value","factor_to_outcome_beta","factor_share","factor_model_r2","channel_estimate","weighted_channel_estimate","mediated_share_of_outcome","screening_p_value","q_value","priority","robust","provenance_run_id","provenance_run_timestamp_utc","provenance_config_id","provenance_config_path","provenance_stage_id"
1,"transfer_composite","poverty_child_q","F1",4,3.41941254589341e-06,1.53784654931706e-08,1.15342297398651e-06,2.34522467785092e-06,-0.277095047496823,0.296830002232166,0.658158001318535,-3.19607793760719e-07,-9.48691821354119e-08,-0.027744292583048,2.34522467785092e-06,0.000164165727449564,"strong",TRUE,"dflmx_20260403T201028Z_propagate","2026-04-03T20:10:28Z","config_dflmx_poverty_outcomes","econark-r/dflmx-R/config_dflmx_poverty_outcomes.R","propagate"
2,"transfer_composite","poverty_all_q","F1",4,1.94463299768093e-06,3.36741108810146e-09,1.15342297398651e-06,2.34522467785092e-06,-0.0657846969667703,0.13180160674307,0.60632473416578,-7.58775808182137e-08,-1.00007870676177e-08,-0.00514276322552592,2.34522467785092e-06,0.000164165727449564,"strong",TRUE,"dflmx_20260403T201028Z_propagate","2026-04-03T20:10:28Z","config_dflmx_poverty_outcomes","econark-r/dflmx-R/config_dflmx_poverty_outcomes.R","propagate"
3,"transfer_composite","gini_households_q","F1",4,1.65271659654922e-08,6.51001222084906e-12,1.15342297398651e-06,2.34522467785092e-06,0.00339869789489088,0.695126626329206,0.866419798484885,3.92013623360673e-09,2.72499107481793e-09,0.164879512949018,2.34522467785092e-06,0.000164165727449564,"strong",TRUE,"dflmx_20260403T201028Z_propagate","2026-04-03T20:10:28Z","config_dflmx_poverty_outcomes","econark-r/dflmx-R/config_dflmx_poverty_outcomes.R","propagate"
4,"transfer_composite","wealth_share_gap_top1_bottom50","F1",4,2.24970939782917e-06,0.000179943555654677,1.15342297398651e-06,2.34522467785092e-06,0.593689812212756,0.495821752404169,0.895771475202385,6.84775468827931e-07,3.39526572957651e-07,0.150920191419066,0.000179943555654677,0.00944703667187056,"strong",TRUE,"dflmx_20260403T201028Z_propagate","2026-04-03T20:10:28Z","config_dflmx_poverty_outcomes","econark-r/dflmx-R/config_dflmx_poverty_outcomes.R","propagate"
5,"household_networth","wealth_share_gap_top10_bottom50","F1",4,-5.94527626573464e-11,0.0208274418667397,6.44299814766655e-11,0.0111700409248568,0.308525144482678,0.242571559604608,0.876611620732297,1.98782693441045e-11,4.82190279703989e-12,-0.0811047726214294,0.0208274418667397,0.874752558403069,"strong",FALSE,"dflmx_20260403T201028Z_propagate","2026-04-03T20:10:28Z","config_dflmx_poverty_outcomes","econark-r/dflmx-R/config_dflmx_poverty_outcomes.R","propagate"
6,"ui_benefits","gini_households_q","F1",4,8.67268656206855e-08,0.0281676183075565,1.27690894372588e-05,0.000251182530701142,0.00339869789489088,0.695126626329206,0.866419798484885,4.33982773900849e-08,3.01672981506688e-08,0.347842596809742,0.0281676183075565,0.985866640764478,"strong",FALSE,"dflmx_20260403T201028Z_propagate","2026-04-03T20:10:28Z","config_dflmx_poverty_outcomes","econark-r/dflmx-R/config_dflmx_poverty_outcomes.R","propagate"
7,"fed_funds","median_real_income_fred_q","F2",4,1184.41739014992,0.105220780234336,-0.325727549445811,0.117636171831882,-798.936737707472,0.394513486583183,0.893524545742735,260.235705735685,102.666495603221,0.0866810099691503,0.117636171831882,0.99646741182828,"weak",FALSE,"dflmx_20260403T201028Z_propagate","2026-04-03T20:10:28Z","config_dflmx_poverty_outcomes","econark-r/dflmx-R/config_dflmx_poverty_outcomes.R","propagate"
8,"fed_funds","median_real_income_fred_q","F2",8,763.029132826336,0.391269871596405,-0.305690199546902,0.460301310356418,-798.936737707472,0.394513486583183,0.893524545742735,244.227130775148,96.3508968803106,0.126274204660335,0.460301310356418,0.99646741182828,"weak",FALSE,"dflmx_20260403T201028Z_propagate","2026-04-03T20:10:28Z","config_dflmx_poverty_outcomes","econark-r/dflmx-R/config_dflmx_poverty_outcomes.R","propagate"
9,"fed_funds","median_real_income_fred_q","F1",8,763.029132826336,0.391269871596405,0.108907245487872,0.596674819471985,1226.18221228568,0.605486513416817,0.893524545742735,133.540127206258,80.8567460233556,0.105968098129955,0.596674819471985,0.99646741182828,"weak",FALSE,"dflmx_20260403T201028Z_propagate","2026-04-03T20:10:28Z","config_dflmx_poverty_outcomes","econark-r/dflmx-R/config_dflmx_poverty_outcomes.R","propagate"
10,"fed_funds","median_real_income_fred_q","F2",2,867.857582782774,0.0607448333589015,-0.211263900277099,0.134161806763103,-798.936737707472,0.394513486583183,0.893524545742735,168.786491282743,66.5885471640969,0.0767275051634411,0.134161806763103,0.99646741182828,"weak",FALSE,"dflmx_20260403T201028Z_propagate","2026-04-03T20:10:28Z","config_dflmx_poverty_outcomes","econark-r/dflmx-R/config_dflmx_poverty_outcomes.R","propagate"
11,"fed_funds","median_real_income_fred_q","F1",4,1184.41739014992,0.105220780234336,0.0638008062787482,0.604188616674284,1226.18221228568,0.605486513416817,0.893524545742735,78.2314137884853,47.3680659744583,0.0399927140283396,0.604188616674284,0.99646741182828,"weak",FALSE,"dflmx_20260403T201028Z_propagate","2026-04-03T20:10:28Z","config_dflmx_poverty_outcomes","econark-r/dflmx-R/config_dflmx_poverty_outcomes.R","propagate"
12,"fed_funds","median_real_income_fred_q","F1",2,867.857582782774,0.0607448333589015,-0.00492971480476388,0.954866830689217,1226.18221228568,0.605486513416817,0.893524545742735,-6.04472860524282,-3.66000164773937,-0.00421728371146291,0.954866830689217,0.99646741182828,"weak",FALSE,"dflmx_20260403T201028Z_propagate","2026-04-03T20:10:28Z","config_dflmx_poverty_outcomes","econark-r/dflmx-R/config_dflmx_poverty_outcomes.R","propagate"
13,"fed_funds","wealth_share_gap_top10_bottom50","F2",4,-0.0326555836263564,0.905834852575266,-0.325727549445811,0.117636171831882,0.963368168095163,0.757428440395392,0.876611620732297,-0.313795552607737,-0.237677676014689,7.27831658849479,0.905834852575266,0.99646741182828,"weak",FALSE,"dflmx_20260403T201028Z_propagate","2026-04-03T20:10:28Z","config_dflmx_poverty_outcomes","econark-r/dflmx-R/config_dflmx_poverty_outcomes.R","propagate"
14,"fed_funds","wealth_share_gap_top10_bottom50","F2",8,-0.126129036671537,0.750735502783497,-0.305690199546902,0.460301310356418,0.963368168095163,0.757428440395392,0.876611620732297,-0.294492207542143,-0.223056773467242,1.76848075077369,0.750735502783497,0.99646741182828,"weak",FALSE,"dflmx_20260403T201028Z_propagate","2026-04-03T20:10:28Z","config_dflmx_poverty_outcomes","econark-r/dflmx-R/config_dflmx_poverty_outcomes.R","propagate"
15,"fed_funds","wealth_share_gap_top10_bottom50","F2",2,-0.0755911542263267,0.688760420621688,-0.211263900277099,0.134161806763103,0.963368168095163,0.757428440395392,0.876611620732297,-0.203524916594588,-0.154155560157841,2.03933332855701,0.688760420621688,0.99646741182828,"weak",FALSE,"dflmx_20260403T201028Z_propagate","2026-04-03T20:10:28Z","config_dflmx_poverty_outcomes","econark-r/dflmx-R/config_dflmx_poverty_outcomes.R","propagate"
16,"fed_funds","poverty_child_q","F2",4,-0.227507161956099,0.379784605983147,-0.325727549445811,0.117636171831882,0.65641923816522,0.703169997767834,0.658158001318535,-0.213813829856643,-0.150347470263028,0.660847196942485,0.379784605983147,0.99646741182828,"weak",FALSE,"dflmx_20260403T201028Z_propagate","2026-04-03T20:10:28Z","config_dflmx_poverty_outcomes","econark-r/dflmx-R/config_dflmx_poverty_outcomes.R","propagate"
17,"fed_funds","poverty_child_q","F2",8,-0.519668734221339,0.212434799627216,-0.305690199546902,0.460301310356418,0.65641923816522,0.703169997767834,0.658158001318535,-0.200660927901151,-0.141098744224344,0.271516708496545,0.460301310356418,0.99646741182828,"weak",FALSE,"dflmx_20260403T201028Z_propagate","2026-04-03T20:10:28Z","config_dflmx_poverty_outcomes","econark-r/dflmx-R/config_dflmx_poverty_outcomes.R","propagate"
18,"fed_funds","poverty_all_q","F2",4,-0.174130664028859,0.316206345168512,-0.325727549445811,0.117636171831882,0.433334385056326,0.86819839325693,0.60632473416578,-0.141148947335005,-0.122545289286158,0.703754792239512,0.316206345168512,0.99646741182828,"weak",FALSE,"dflmx_20260403T201028Z_propagate","2026-04-03T20:10:28Z","config_dflmx_poverty_outcomes","econark-r/dflmx-R/config_dflmx_poverty_outcomes.R","propagate"
19,"fed_funds","poverty_all_q","F2",8,-0.244765780720299,0.369003180384653,-0.305690199546902,0.460301310356418,0.433334385056326,0.86819839325693,0.60632473416578,-0.132466074638402,-0.115006833162113,0.469864834960468,0.460301310356418,0.99646741182828,"weak",FALSE,"dflmx_20260403T201028Z_propagate","2026-04-03T20:10:28Z","config_dflmx_poverty_outcomes","econark-r/dflmx-R/config_dflmx_poverty_outcomes.R","propagate"
20,"fed_funds","wealth_share_gap_top1_bottom50","F2",4,-0.00640552969652869,0.984633265507187,-0.325727549445811,0.117636171831882,0.603695758981002,0.504178247595831,0.895771475202385,-0.196640340183711,-0.0991417821204713,15.4775306364123,0.984633265507187,0.99646741182828,"weak",FALSE,"dflmx_20260403T201028Z_propagate","2026-04-03T20:10:28Z","config_dflmx_poverty_outcomes","econark-r/dflmx-R/config_dflmx_poverty_outcomes.R","propagate"
21,"fed_funds","poverty_child_q","F2",2,-0.0155673399771683,0.919594600154019,-0.211263900277099,0.134161806763103,0.65641923816522,0.703169997767834,0.658158001318535,-0.138677688471707,-0.0975139898930984,6.26401106650952,0.919594600154019,0.99646741182828,"weak",FALSE,"dflmx_20260403T201028Z_propagate","2026-04-03T20:10:28Z","config_dflmx_poverty_outcomes","econark-r/dflmx-R/config_dflmx_poverty_outcomes.R","propagate"
22,"fed_funds","wealth_share_gap_top1_bottom50","F2",8,-0.235673085869741,0.632626541620097,-0.305690199546902,0.460301310356418,0.603695758981002,0.504178247595831,0.895771475202385,-0.184543877028521,-0.0930430085247801,0.394796920409511,0.632626541620097,0.99646741182828,"weak",FALSE,"dflmx_20260403T201028Z_propagate","2026-04-03T20:10:28Z","config_dflmx_poverty_outcomes","econark-r/dflmx-R/config_dflmx_poverty_outcomes.R","propagate"
23,"fed_funds","poverty_all_q","F2",2,-0.058525104189188,0.565355645124446,-0.211263900277099,0.134161806763103,0.433334385056326,0.86819839325693,0.60632473416578,-0.0915479123111779,-0.079481750374591,1.35807960491037,0.565355645124446,0.99646741182828,"weak",FALSE,"dflmx_20260403T201028Z_propagate","2026-04-03T20:10:28Z","config_dflmx_poverty_outcomes","econark-r/dflmx-R/config_dflmx_poverty_outcomes.R","propagate"
24,"fed_funds","wealth_share_gap_top1_bottom50","F2",2,0.0386014598030307,0.861425571216438,-0.211263900277099,0.134161806763103,0.603695758981002,0.504178247595831,0.895771475202385,-0.12753912062307,-0.0643024503356529,-1.66580359042806,0.861425571216438,0.99646741182828,"weak",FALSE,"dflmx_20260403T201028Z_propagate","2026-04-03T20:10:28Z","config_dflmx_poverty_outcomes","econark-r/dflmx-R/config_dflmx_poverty_outcomes.R","propagate"
25,"cc_delinquency","poverty_child_q","F2",4,0.148742475863025,0.810508198110669,0.135189244102014,0.818685925072916,0.65641923816522,0.703169997767834,0.658158001318535,0.0887408206215761,0.0623998826383895,0.419516229485468,0.818685925072916,0.99646741182828,"weak",FALSE,"dflmx_20260403T201028Z_propagate","2026-04-03T20:10:28Z","config_dflmx_poverty_outcomes","econark-r/dflmx-R/config_dflmx_poverty_outcomes.R","propagate"
26,"cc_delinquency","poverty_all_q","F2",4,0.0192332895943362,0.961435887918388,0.135189244102014,0.818685925072916,0.433334385056326,0.86819839325693,0.60632473416578,0.0585821479591759,0.0508609267316962,2.6444216150457,0.961435887918388,0.99646741182828,"weak",FALSE,"dflmx_20260403T201028Z_propagate","2026-04-03T20:10:28Z","config_dflmx_poverty_outcomes","econark-r/dflmx-R/config_dflmx_poverty_outcomes.R","propagate"
27,"social_security","median_real_income_fred_q","F1",4,0.032512234907891,0.889767467477365,5.45570158290408e-05,0.168923716027179,1226.18221228568,0.605486513416817,0.893524545742735,0.0668968423649579,0.0405051358421527,1.24584286367597,0.889767467477365,0.99646741182828,"weak",FALSE,"dflmx_20260403T201028Z_propagate","2026-04-03T20:10:28Z","config_dflmx_poverty_outcomes","econark-r/dflmx-R/config_dflmx_poverty_outcomes.R","propagate"
28,"cc_delinquency","poverty_child_q","F2",2,0.00164469189393726,0.99646741182828,0.073883662777494,0.884672509882186,0.65641923816522,0.703169997767834,0.658158001318535,0.0484986576332587,0.0341028009797215,20.7350696537345,0.99646741182828,0.99646741182828,"weak",FALSE,"dflmx_20260403T201028Z_propagate","2026-04-03T20:10:28Z","config_dflmx_poverty_outcomes","econark-r/dflmx-R/config_dflmx_poverty_outcomes.R","propagate"
29,"social_security","median_real_income_fred_q","F1",8,-0.0784886183175442,0.800219086881641,4.33494756862589e-05,0.423359826453402,1226.18221228568,0.605486513416817,0.893524545742735,0.053154355998401,0.0321842456863881,-0.410049843866268,0.800219086881641,0.99646741182828,"weak",FALSE,"dflmx_20260403T201028Z_propagate","2026-04-03T20:10:28Z","config_dflmx_poverty_outcomes","econark-r/dflmx-R/config_dflmx_poverty_outcomes.R","propagate"
30,"fed_funds","wealth_share_gap_top1_bottom50","F1",8,-0.235673085869741,0.632626541620097,0.108907245487872,0.596674819471985,0.593689812212756,0.495821752404169,0.895771475202385,0.0646571221223034,0.0320584075960908,-0.136029141714594,0.632626541620097,0.99646741182828,"weak",FALSE,"dflmx_20260403T201028Z_propagate","2026-04-03T20:10:28Z","config_dflmx_poverty_outcomes","econark-r/dflmx-R/config_dflmx_poverty_outcomes.R","propagate"
31,"social_security","median_real_income_fred_q","F1",2,0.0554170568402941,0.640569709190916,4.30061859571841e-05,0.129165361768792,1226.18221228568,0.605486513416817,0.893524545742735,0.0527334202389492,0.0319293747610251,0.576165111998678,0.640569709190916,0.99646741182828,"weak",FALSE,"dflmx_20260403T201028Z_propagate","2026-04-03T20:10:28Z","config_dflmx_poverty_outcomes","econark-r/dflmx-R/config_dflmx_poverty_outcomes.R","propagate"
32,"cc_delinquency","poverty_child_q","F1",4,0.148742475863025,0.810508198110669,-0.375590405708338,0.258136205779348,-0.277095047496823,0.296830002232166,0.658158001318535,0.104074241309103,0.0308923572800919,0.207690218283984,0.810508198110669,0.99646741182828,"weak",FALSE,"dflmx_20260403T201028Z_propagate","2026-04-03T20:10:28Z","config_dflmx_poverty_outcomes","econark-r/dflmx-R/config_dflmx_poverty_outcomes.R","propagate"
33,"social_security","median_real_income_fred_q","F2",2,0.0554170568402941,0.640569709190916,-9.30928611772386e-05,0.0451920812234543,-798.936737707472,0.394513486583183,0.893524545742735,0.0743753068127975,0.0293420616064108,0.529477083039097,0.640569709190916,0.99646741182828,"weak",FALSE,"dflmx_20260403T201028Z_propagate","2026-04-03T20:10:28Z","config_dflmx_poverty_outcomes","econark-r/dflmx-R/config_dflmx_poverty_outcomes.R","propagate"
34,"cc_delinquency","poverty_all_q","F2",2,-0.0303322183196397,0.898505156483513,0.073883662777494,0.884672509882186,0.433334385056326,0.86819839325693,0.60632473416578,0.0320163315753944,0.0277965276317385,-0.916402728571311,0.898505156483513,0.99646741182828,"weak",FALSE,"dflmx_20260403T201028Z_propagate","2026-04-03T20:10:28Z","config_dflmx_poverty_outcomes","econark-r/dflmx-R/config_dflmx_poverty_outcomes.R","propagate"
35,"cc_delinquency","poverty_child_q","F1",2,0.00164469189393726,0.99646741182828,-0.310499649845817,0.289962050305276,-0.277095047496823,0.296830002232166,0.658158001318535,0.0860379152217736,0.0255386345673299,15.527914171324,0.99646741182828,0.99646741182828,"weak",FALSE,"dflmx_20260403T201028Z_propagate","2026-04-03T20:10:28Z","config_dflmx_poverty_outcomes","econark-r/dflmx-R/config_dflmx_poverty_outcomes.R","propagate"
36,"social_security","median_real_income_fred_q","F2",4,0.032512234907891,0.889767467477365,-7.92555157371952e-05,0.348815847085593,-798.936737707472,0.394513486583183,0.893524545742735,0.0633201431883979,0.0249806504602013,0.768346148179996,0.889767467477365,0.99646741182828,"weak",FALSE,"dflmx_20260403T201028Z_propagate","2026-04-03T20:10:28Z","config_dflmx_poverty_outcomes","econark-r/dflmx-R/config_dflmx_poverty_outcomes.R","propagate"
37,"social_security","median_real_income_fred_q","F2",8,-0.0784886183175442,0.800219086881641,-7.6229499292225e-05,0.541868005796079,-798.936737707472,0.394513486583183,0.893524545742735,0.0609025474816043,0.0240268763487656,-0.306119242048054,0.800219086881641,0.99646741182828,"weak",FALSE,"dflmx_20260403T201028Z_propagate","2026-04-03T20:10:28Z","config_dflmx_poverty_outcomes","econark-r/dflmx-R/config_dflmx_poverty_outcomes.R","propagate"
38,"fed_funds","wealth_share_gap_top1_bottom50","F1",4,-0.00640552969652869,0.984633265507187,0.0638008062787482,0.604188616674284,0.593689812212756,0.495821752404169,0.895771475202385,0.0378778886986524,0.0187806811519359,-2.93194818253885,0.984633265507187,0.99646741182828,"weak",FALSE,"dflmx_20260403T201028Z_propagate","2026-04-03T20:10:28Z","config_dflmx_poverty_outcomes","econark-r/dflmx-R/config_dflmx_poverty_outcomes.R","propagate"
39,"cc_delinquency","poverty_child_q","F1",8,-0.0101989568145757,0.991526115154562,-0.224121478346592,0.568723384419491,-0.277095047496823,0.296830002232166,0.658158001318535,0.0621029516875071,0.0184340192880268,-1.80744164556928,0.991526115154562,0.99646741182828,"weak",FALSE,"dflmx_20260403T201028Z_propagate","2026-04-03T20:10:28Z","config_dflmx_poverty_outcomes","econark-r/dflmx-R/config_dflmx_poverty_outcomes.R","propagate"
40,"ui_benefits","median_real_income_fred_q","F1",4,-0.000343702883503663,0.987636524595508,1.27690894372588e-05,0.000251182530701142,1226.18221228568,0.605486513416817,0.893524545742735,0.0156572303350517,0.00948024180533445,-27.5826659022877,0.987636524595508,0.99646741182828,"weak",FALSE,"dflmx_20260403T201028Z_propagate","2026-04-03T20:10:28Z","config_dflmx_poverty_outcomes","econark-r/dflmx-R/config_dflmx_poverty_outcomes.R","propagate"
41,"cc_delinquency","poverty_child_q","F2",8,-0.0101989568145757,0.991526115154562,-0.0195594988928494,0.982264202793659,0.65641923816522,0.703169997767834,0.658158001318535,-0.0128392313621377,-0.00902816228825505,0.885204482418489,0.991526115154562,0.99646741182828,"weak",FALSE,"dflmx_20260403T201028Z_propagate","2026-04-03T20:10:28Z","config_dflmx_poverty_outcomes","econark-r/dflmx-R/config_dflmx_poverty_outcomes.R","propagate"
42,"fed_funds","poverty_child_q","F1",8,-0.519668734221339,0.212434799627216,0.108907245487872,0.596674819471985,-0.277095047496823,0.296830002232166,0.658158001318535,-0.0301776583612101,-0.00895763439871954,0.0172372009490651,0.596674819471985,0.99646741182828,"weak",FALSE,"dflmx_20260403T201028Z_propagate","2026-04-03T20:10:28Z","config_dflmx_poverty_outcomes","econark-r/dflmx-R/config_dflmx_poverty_outcomes.R","propagate"
43,"fed_funds","wealth_share_gap_top10_bottom50","F1",8,-0.126129036671537,0.750735502783497,0.108907245487872,0.596674819471985,0.308525144482678,0.242571559604608,0.876611620732297,0.0336006236493563,0.00815055568231183,-0.0646207716906407,0.750735502783497,0.99646741182828,"weak",FALSE,"dflmx_20260403T201028Z_propagate","2026-04-03T20:10:28Z","config_dflmx_poverty_outcomes","econark-r/dflmx-R/config_dflmx_poverty_outcomes.R","propagate"
44,"cc_delinquency","poverty_all_q","F2",8,-0.12824194713376,0.847695603799861,-0.0195594988928494,0.982264202793659,0.433334385056326,0.86819839325693,0.60632473416578,-0.00847580342474278,-0.00735867891492327,0.057381216360104,0.982264202793659,0.99646741182828,"weak",FALSE,"dflmx_20260403T201028Z_propagate","2026-04-03T20:10:28Z","config_dflmx_poverty_outcomes","econark-r/dflmx-R/config_dflmx_poverty_outcomes.R","propagate"
45,"fed_funds","poverty_child_q","F1",4,-0.227507161956099,0.379784605983147,0.0638008062787482,0.604188616674284,-0.277095047496823,0.296830002232166,0.658158001318535,-0.0176788874461453,-0.00524762420010153,0.0230657538645493,0.604188616674284,0.99646741182828,"weak",FALSE,"dflmx_20260403T201028Z_propagate","2026-04-03T20:10:28Z","config_dflmx_poverty_outcomes","econark-r/dflmx-R/config_dflmx_poverty_outcomes.R","propagate"
46,"fed_funds","wealth_share_gap_top10_bottom50","F1",4,-0.0326555836263564,0.905834852575266,0.0638008062787482,0.604188616674284,0.308525144482678,0.242571559604608,0.876611620732297,0.0196841529752621,0.00477481568670502,-0.146217435319431,0.905834852575266,0.99646741182828,"weak",FALSE,"dflmx_20260403T201028Z_propagate","2026-04-03T20:10:28Z","config_dflmx_poverty_outcomes","econark-r/dflmx-R/config_dflmx_poverty_outcomes.R","propagate"
47,"cc_delinquency","poverty_all_q","F1",4,0.0192332895943362,0.961435887918388,-0.375590405708338,0.258136205779348,-0.0657846969667703,0.13180160674307,0.60632473416578,0.0247081010231493,0.00325656741442117,0.169319314745833,0.961435887918388,0.99646741182828,"weak",FALSE,"dflmx_20260403T201028Z_propagate","2026-04-03T20:10:28Z","config_dflmx_poverty_outcomes","econark-r/dflmx-R/config_dflmx_poverty_outcomes.R","propagate"
48,"cc_delinquency","poverty_all_q","F1",2,-0.0303322183196397,0.898505156483513,-0.310499649845817,0.289962050305276,-0.0657846969667703,0.13180160674307,0.60632473416578,0.0204261253733954,0.0026921961437489,-0.0887569816153455,0.898505156483513,0.99646741182828,"weak",FALSE,"dflmx_20260403T201028Z_propagate","2026-04-03T20:10:28Z","config_dflmx_poverty_outcomes","econark-r/dflmx-R/config_dflmx_poverty_outcomes.R","propagate"
49,"ui_benefits","median_real_income_fred_q","F1",2,0.0059617854970296,0.593518934490164,3.41157492827309e-06,0.521641530323074,1226.18221228568,0.605486513416817,0.893524545742735,0.00418321249292824,0.00253287874722479,0.424852378282776,0.593518934490164,0.99646741182828,"weak",FALSE,"dflmx_20260403T201028Z_propagate","2026-04-03T20:10:28Z","config_dflmx_poverty_outcomes","econark-r/dflmx-R/config_dflmx_poverty_outcomes.R","propagate"
50,"cc_delinquency","poverty_all_q","F1",8,-0.12824194713376,0.847695603799861,-0.224121478346592,0.568723384419491,-0.0657846969667703,0.13180160674307,0.60632473416578,0.0147437635367751,0.00194325172358685,-0.015153011686262,0.847695603799861,0.99646741182828,"weak",FALSE,"dflmx_20260403T201028Z_propagate","2026-04-03T20:10:28Z","config_dflmx_poverty_outcomes","econark-r/dflmx-R/config_dflmx_poverty_outcomes.R","propagate"
51,"ui_benefits","median_real_income_fred_q","F1",8,-0.0312460818803908,0.385085913036216,2.52037034166704e-06,0.566849560164729,1226.18221228568,0.605486513416817,0.893524545742735,0.0030904332813245,0.00187121567245646,-0.0598864100663703,0.566849560164729,0.99646741182828,"weak",FALSE,"dflmx_20260403T201028Z_propagate","2026-04-03T20:10:28Z","config_dflmx_poverty_outcomes","econark-r/dflmx-R/config_dflmx_poverty_outcomes.R","propagate"
52,"fed_funds","wealth_share_gap_top1_bottom50","F1",2,0.0386014598030307,0.861425571216438,-0.00492971480476388,0.954866830689217,0.593689812212756,0.495821752404169,0.895771475202385,-0.00292672145670271,-0.00145113216146122,-0.0375926757398767,0.954866830689217,0.99646741182828,"weak",FALSE,"dflmx_20260403T201028Z_propagate","2026-04-03T20:10:28Z","config_dflmx_poverty_outcomes","econark-r/dflmx-R/config_dflmx_poverty_outcomes.R","propagate"
53,"ui_benefits","median_real_income_fred_q","F2",4,-0.000343702883503663,0.987636524595508,-3.93787480488945e-06,0.585125122143454,-798.936737707472,0.394513486583183,0.893524545742735,0.00314611285011882,0.00124118394968453,-3.61121191952789,0.987636524595508,0.99646741182828,"weak",FALSE,"dflmx_20260403T201028Z_propagate","2026-04-03T20:10:28Z","config_dflmx_poverty_outcomes","econark-r/dflmx-R/config_dflmx_poverty_outcomes.R","propagate"
54,"ui_benefits","median_real_income_fred_q","F2",8,-0.0312460818803908,0.385085913036216,3.35481881099529e-06,0.821743802010087,-798.936737707472,0.394513486583183,0.893524545742735,-0.00268028799645624,-0.00105740976252901,0.0338413554242335,0.821743802010087,0.99646741182828,"weak",FALSE,"dflmx_20260403T201028Z_propagate","2026-04-03T20:10:28Z","config_dflmx_poverty_outcomes","econark-r/dflmx-R/config_dflmx_poverty_outcomes.R","propagate"
55,"fed_funds","poverty_all_q","F1",8,-0.244765780720299,0.369003180384653,0.108907245487872,0.596674819471985,-0.0657846969667703,0.13180160674307,0.60632473416578,-0.00716443014190534,-0.000944283404101606,0.00385790612283613,0.596674819471985,0.99646741182828,"weak",FALSE,"dflmx_20260403T201028Z_propagate","2026-04-03T20:10:28Z","config_dflmx_poverty_outcomes","econark-r/dflmx-R/config_dflmx_poverty_outcomes.R","propagate"
56,"transfer_composite","median_real_income_fred_q","F1",4,0.000698189664144637,0.544088191257001,1.15342297398651e-06,2.34522467785092e-06,1226.18221228568,0.605486513416817,0.893524545742735,0.00141430673394391,0.00085634365323762,1.22652009506148,0.544088191257001,0.99646741182828,"weak",FALSE,"dflmx_20260403T201028Z_propagate","2026-04-03T20:10:28Z","config_dflmx_poverty_outcomes","econark-r/dflmx-R/config_dflmx_poverty_outcomes.R","propagate"
57,"fed_funds","poverty_all_q","F1",4,-0.174130664028859,0.316206345168512,0.0638008062787482,0.604188616674284,-0.0657846969667703,0.13180160674307,0.60632473416578,-0.00419711670728307,-0.000553186725708092,0.00317684842467729,0.604188616674284,0.99646741182828,"weak",FALSE,"dflmx_20260403T201028Z_propagate","2026-04-03T20:10:28Z","config_dflmx_poverty_outcomes","econark-r/dflmx-R/config_dflmx_poverty_outcomes.R","propagate"
58,"fed_funds","poverty_child_q","F1",2,-0.0155673399771683,0.919594600154019,-0.00492971480476388,0.954866830689217,-0.277095047496823,0.296830002232166,0.658158001318535,0.00136599955797184,0.000405469651841918,-0.026046174390525,0.954866830689217,0.99646741182828,"weak",FALSE,"dflmx_20260403T201028Z_propagate","2026-04-03T20:10:28Z","config_dflmx_poverty_outcomes","econark-r/dflmx-R/config_dflmx_poverty_outcomes.R","propagate"
59,"fed_funds","wealth_share_gap_top10_bottom50","F1",2,-0.0755911542263267,0.688760420621688,-0.00492971480476388,0.954866830689217,0.308525144482678,0.242571559604608,0.876611620732297,-0.00152094097239817,-0.000368937023741173,0.00488069043947315,0.954866830689217,0.99646741182828,"weak",FALSE,"dflmx_20260403T201028Z_propagate","2026-04-03T20:10:28Z","config_dflmx_poverty_outcomes","econark-r/dflmx-R/config_dflmx_poverty_outcomes.R","propagate"
60,"ui_benefits","median_real_income_fred_q","F2",2,0.0059617854970296,0.593518934490164,-9.91216516252204e-07,0.817621678663628,-798.936737707472,0.394513486583183,0.893524545742735,0.000791919289856301,0.000312422840133688,0.0524042403554018,0.817621678663628,0.99646741182828,"weak",FALSE,"dflmx_20260403T201028Z_propagate","2026-04-03T20:10:28Z","config_dflmx_poverty_outcomes","econark-r/dflmx-R/config_dflmx_poverty_outcomes.R","propagate"
61,"transfer_composite","median_real_income_fred_q","F2",8,-0.00514925208371746,0.00164916625469235,8.61928696032443e-07,0.708060732556765,-798.936737707472,0.394513486583183,0.893524545742735,-0.000688626500544616,-0.000271672441683433,0.0527595925129579,0.708060732556765,0.99646741182828,"weak",FALSE,"dflmx_20260403T201028Z_propagate","2026-04-03T20:10:28Z","config_dflmx_poverty_outcomes","econark-r/dflmx-R/config_dflmx_poverty_outcomes.R","propagate"
62,"fed_funds","gini_households_q","F1",8,-0.000788813845710438,0.613217380893843,0.108907245487872,0.596674819471985,0.00339869789489088,0.695126626329206,0.866419798484885,0.000370142825977996,0.000257296133882042,-0.326181056888411,0.613217380893843,0.99646741182828,"weak",FALSE,"dflmx_20260403T201028Z_propagate","2026-04-03T20:10:28Z","config_dflmx_poverty_outcomes","econark-r/dflmx-R/config_dflmx_poverty_outcomes.R","propagate"
63,"transfer_composite","median_real_income_fred_q","F1",8,-0.00514925208371746,0.00164916625469235,2.66516057951706e-07,0.300884467818414,1226.18221228568,0.605486513416817,0.893524545742735,0.00032679724954888,0.000197871327223556,-0.0384271975825866,0.300884467818414,0.99646741182828,"weak",FALSE,"dflmx_20260403T201028Z_propagate","2026-04-03T20:10:28Z","config_dflmx_poverty_outcomes","econark-r/dflmx-R/config_dflmx_poverty_outcomes.R","propagate"
64,"fed_funds","gini_households_q","F1",4,-0.000132819242216221,0.928786600437297,0.0638008062787482,0.604188616674284,0.00339869789489088,0.695126626329206,0.866419798484885,0.000216839665991922,0.000150731025475317,-1.13485834552449,0.928786600437297,0.99646741182828,"weak",FALSE,"dflmx_20260403T201028Z_propagate","2026-04-03T20:10:28Z","config_dflmx_poverty_outcomes","econark-r/dflmx-R/config_dflmx_poverty_outcomes.R","propagate"
65,"fed_funds","gini_households_q","F2",4,-0.000132819242216221,0.928786600437297,-0.325727549445811,0.117636171831882,0.00149062408783703,0.304873373670794,0.866419798484885,-0.000485537331276054,-0.000148027404229245,1.1145027012597,0.928786600437297,0.99646741182828,"weak",FALSE,"dflmx_20260403T201028Z_propagate","2026-04-03T20:10:28Z","config_dflmx_poverty_outcomes","econark-r/dflmx-R/config_dflmx_poverty_outcomes.R","propagate"
66,"transfer_composite","median_real_income_fred_q","F2",2,0.00186631143326168,0.0911423512487429,4.67339331701085e-07,0.385635442763915,-798.936737707472,0.394513486583183,0.893524545742735,-0.000373374561071655,-0.000147301299889844,-0.0789264306399342,0.385635442763915,0.99646741182828,"weak",FALSE,"dflmx_20260403T201028Z_propagate","2026-04-03T20:10:28Z","config_dflmx_poverty_outcomes","econark-r/dflmx-R/config_dflmx_poverty_outcomes.R","propagate"
67,"fed_funds","gini_households_q","F2",8,-0.000788813845710438,0.613217380893843,-0.305690199546902,0.460301310356418,0.00149062408783703,0.304873373670794,0.866419798484885,-0.000455669174860321,-0.000138921398617453,0.176114300443516,0.613217380893843,0.99646741182828,"weak",FALSE,"dflmx_20260403T201028Z_propagate","2026-04-03T20:10:28Z","config_dflmx_poverty_outcomes","econark-r/dflmx-R/config_dflmx_poverty_outcomes.R","propagate"
68,"transfer_composite","median_real_income_fred_q","F2",4,0.000698189664144637,0.544088191257001,4.06384839440271e-07,0.794194046915295,-798.936737707472,0.394513486583183,0.893524545742735,-0.000324675777876185,-0.000128088973139041,-0.183458707163711,0.794194046915295,0.99646741182828,"weak",FALSE,"dflmx_20260403T201028Z_propagate","2026-04-03T20:10:28Z","config_dflmx_poverty_outcomes","econark-r/dflmx-R/config_dflmx_poverty_outcomes.R","propagate"
69,"fed_funds","gini_households_q","F2",2,-5.80646751777165e-06,0.994580316187998,-0.211263900277099,0.134161806763103,0.00149062408783703,0.304873373670794,0.866419798484885,-0.000314915058643446,-9.60092163483632e-05,16.5348753014653,0.994580316187998,0.99646741182828,"weak",FALSE,"dflmx_20260403T201028Z_propagate","2026-04-03T20:10:28Z","config_dflmx_poverty_outcomes","econark-r/dflmx-R/config_dflmx_poverty_outcomes.R","propagate"
70,"social_security","poverty_child_q","F2",2,1.66638165784754e-05,0.696009389016727,-9.30928611772386e-05,0.0451920812234543,0.65641923816522,0.703169997767834,0.658158001318535,-6.11079450125835e-05,-4.29692735580953e-05,-2.57859736728011,0.696009389016727,0.99646741182828,"weak",FALSE,"dflmx_20260403T201028Z_propagate","2026-04-03T20:10:28Z","config_dflmx_poverty_outcomes","econark-r/dflmx-R/config_dflmx_poverty_outcomes.R","propagate"
71,"fed_funds","poverty_all_q","F1",2,-0.058525104189188,0.565355645124446,-0.00492971480476388,0.954866830689217,-0.0657846969667703,0.13180160674307,0.60632473416578,0.000324299794563993,4.27432339899818e-05,-0.000730340160554181,0.954866830689217,0.99646741182828,"weak",FALSE,"dflmx_20260403T201028Z_propagate","2026-04-03T20:10:28Z","config_dflmx_poverty_outcomes","econark-r/dflmx-R/config_dflmx_poverty_outcomes.R","propagate"
72,"social_security","poverty_child_q","F2",4,1.44466719171516e-05,0.869165320658583,-7.92555157371952e-05,0.348815847085593,0.65641923816522,0.703169997767834,0.658158001318535,-5.20248452606013e-05,-3.65823103257689e-05,-2.53223098963971,0.869165320658583,0.99646741182828,"weak",FALSE,"dflmx_20260403T201028Z_propagate","2026-04-03T20:10:28Z","config_dflmx_poverty_outcomes","econark-r/dflmx-R/config_dflmx_poverty_outcomes.R","propagate"
73,"social_security","poverty_child_q","F2",8,3.77593695835828e-05,0.786636129588216,-7.6229499292225e-05,0.541868005796079,0.65641923816522,0.703169997767834,0.658158001318535,-5.00385098511186e-05,-3.51855788603168e-05,-0.931837031400412,0.786636129588216,0.99646741182828,"weak",FALSE,"dflmx_20260403T201028Z_propagate","2026-04-03T20:10:28Z","config_dflmx_poverty_outcomes","econark-r/dflmx-R/config_dflmx_poverty_outcomes.R","propagate"
74,"social_security","poverty_all_q","F2",2,1.85927414870114e-05,0.522545269741601,-9.30928611772386e-05,0.0451920812234543,0.433334385056326,0.86819839325693,0.60632473416578,-4.03403377513726e-05,-3.50234164191836e-05,-1.88371448307666,0.522545269741601,0.99646741182828,"weak",FALSE,"dflmx_20260403T201028Z_propagate","2026-04-03T20:10:28Z","config_dflmx_poverty_outcomes","econark-r/dflmx-R/config_dflmx_poverty_outcomes.R","propagate"
75,"social_security","poverty_all_q","F2",4,2.77456220262858e-05,0.632993298045685,-7.92555157371952e-05,0.348815847085593,0.433334385056326,0.86819839325693,0.60632473416578,-3.43441401742994e-05,-2.98175273171176e-05,-1.07467503481698,0.632993298045685,0.99646741182828,"weak",FALSE,"dflmx_20260403T201028Z_propagate","2026-04-03T20:10:28Z","config_dflmx_poverty_outcomes","econark-r/dflmx-R/config_dflmx_poverty_outcomes.R","propagate"
76,"social_security","poverty_all_q","F2",8,3.69174597183499e-05,0.701251097376515,-7.6229499292225e-05,0.541868005796079,0.433334385056326,0.86819839325693,0.60632473416578,-3.3032863198948e-05,-2.86790787540026e-05,-0.776843232790138,0.701251097376515,0.99646741182828,"weak",FALSE,"dflmx_20260403T201028Z_propagate","2026-04-03T20:10:28Z","config_dflmx_poverty_outcomes","econark-r/dflmx-R/config_dflmx_poverty_outcomes.R","propagate"
77,"snap_persons","poverty_child_q","F2",8,4.10147626412373e-05,0.175334075790951,2.94613110034634e-05,0.325478464190223,0.65641923816522,0.703169997767834,0.658158001318535,1.9338971324242e-05,1.35985844228995e-05,0.331553410215938,0.325478464190223,0.99646741182828,"weak",FALSE,"dflmx_20260403T201028Z_propagate","2026-04-03T20:10:28Z","config_dflmx_poverty_outcomes","econark-r/dflmx-R/config_dflmx_poverty_outcomes.R","propagate"
78,"fed_funds","gini_households_q","F1",2,-5.80646751777165e-06,0.994580316187998,-0.00492971480476388,0.954866830689217,0.00339869789489088,0.695126626329206,0.866419798484885,-1.67546113293634e-05,-1.16465764488374e-05,2.00579378308605,0.994580316187998,0.99646741182828,"weak",FALSE,"dflmx_20260403T201028Z_propagate","2026-04-03T20:10:28Z","config_dflmx_poverty_outcomes","econark-r/dflmx-R/config_dflmx_poverty_outcomes.R","propagate"
79,"snap_persons","poverty_all_q","F2",8,2.9182499082195e-05,0.139595750702279,2.94613110034634e-05,0.325478464190223,0.433334385056326,0.86819839325693,0.60632473416578,1.2766599086639e-05,1.10839408143753e-05,0.37981465477499,0.325478464190223,0.99646741182828,"weak",FALSE,"dflmx_20260403T201028Z_propagate","2026-04-03T20:10:28Z","config_dflmx_poverty_outcomes","econark-r/dflmx-R/config_dflmx_poverty_outcomes.R","propagate"
80,"transfer_composite","median_real_income_fred_q","F1",2,0.00186631143326168,0.0911423512487429,-9.68442833674158e-09,0.981505438835065,1226.18221228568,0.605486513416817,0.893524545742735,-1.18748737626679e-05,-7.19007591182261e-06,-0.00385255953732051,0.981505438835065,0.99646741182828,"weak",FALSE,"dflmx_20260403T201028Z_propagate","2026-04-03T20:10:28Z","config_dflmx_poverty_outcomes","econark-r/dflmx-R/config_dflmx_poverty_outcomes.R","propagate"
81,"snap_persons","poverty_child_q","F2",2,1.83921213912766e-05,0.130596897607766,1.24816234446349e-05,0.332744504037019,0.65641923816522,0.703169997767834,0.658158001318535,8.19317775259239e-06,5.76119678200186e-06,0.313242646644036,0.332744504037019,0.99646741182828,"weak",FALSE,"dflmx_20260403T201028Z_propagate","2026-04-03T20:10:28Z","config_dflmx_poverty_outcomes","econark-r/dflmx-R/config_dflmx_poverty_outcomes.R","propagate"
82,"snap_persons","poverty_all_q","F2",2,1.39712909174533e-05,0.0718245806514518,1.24816234446349e-05,0.332744504037019,0.433334385056326,0.86819839325693,0.60632473416578,5.40871661988549e-06,4.69583907896664e-06,0.336106313060913,0.332744504037019,0.99646741182828,"weak",FALSE,"dflmx_20260403T201028Z_propagate","2026-04-03T20:10:28Z","config_dflmx_poverty_outcomes","econark-r/dflmx-R/config_dflmx_poverty_outcomes.R","propagate"
83,"social_security","poverty_child_q","F1",4,1.44466719171516e-05,0.869165320658583,5.45570158290408e-05,0.168923716027179,-0.277095047496823,0.296830002232166,0.658158001318535,-1.5117478892433e-05,-4.4873212933856e-06,-0.310612805435008,0.869165320658583,0.99646741182828,"weak",FALSE,"dflmx_20260403T201028Z_propagate","2026-04-03T20:10:28Z","config_dflmx_poverty_outcomes","econark-r/dflmx-R/config_dflmx_poverty_outcomes.R","propagate"
84,"snap_persons","poverty_child_q","F2",4,3.33163067510693e-05,0.123597784893403,8.73429090529888e-06,0.633268086851172,0.65641923816522,0.703169997767834,0.658158001318535,5.7333565819697e-06,4.03152433494583e-06,0.121007540393607,0.633268086851172,0.99646741182828,"weak",FALSE,"dflmx_20260403T201028Z_propagate","2026-04-03T20:10:28Z","config_dflmx_poverty_outcomes","econark-r/dflmx-R/config_dflmx_poverty_outcomes.R","propagate"
85,"social_security","poverty_child_q","F1",8,3.77593695835828e-05,0.786636129588216,4.33494756862589e-05,0.423359826453402,-0.277095047496823,0.296830002232166,0.658158001318535,-1.20119250242463e-05,-3.56549973175963e-06,-0.0944268871827207,0.786636129588216,0.99646741182828,"weak",FALSE,"dflmx_20260403T201028Z_propagate","2026-04-03T20:10:28Z","config_dflmx_poverty_outcomes","econark-r/dflmx-R/config_dflmx_poverty_outcomes.R","propagate"
86,"social_security","poverty_child_q","F1",2,1.66638165784754e-05,0.696009389016727,4.30061859571841e-05,0.129165361768792,-0.277095047496823,0.296830002232166,0.658158001318535,-1.19168011404631e-05,-3.53726410912395e-06,-0.212272146207672,0.696009389016727,0.99646741182828,"weak",FALSE,"dflmx_20260403T201028Z_propagate","2026-04-03T20:10:28Z","config_dflmx_poverty_outcomes","econark-r/dflmx-R/config_dflmx_poverty_outcomes.R","propagate"
87,"snap_persons","poverty_all_q","F2",4,2.52270029901919e-05,0.059188650045312,8.73429090529888e-06,0.633268086851172,0.433334385056326,0.86819839325693,0.60632473416578,3.78486857835075e-06,3.28601681841277e-06,0.130257915285869,0.633268086851172,0.99646741182828,"weak",FALSE,"dflmx_20260403T201028Z_propagate","2026-04-03T20:10:28Z","config_dflmx_poverty_outcomes","econark-r/dflmx-R/config_dflmx_poverty_outcomes.R","propagate"
88,"credit_composite","median_real_income_fred_q","F1",4,-6.75252536354961e-06,0.685253277823631,-3.9920353725271e-09,0.121395961595377,1226.18221228568,0.605486513416817,0.893524545742735,-4.89496276460795e-06,-2.96383393764761e-06,0.438922296189586,0.685253277823631,0.99646741182828,"weak",FALSE,"dflmx_20260403T201028Z_propagate","2026-04-03T20:10:28Z","config_dflmx_poverty_outcomes","econark-r/dflmx-R/config_dflmx_poverty_outcomes.R","propagate"
89,"credit_composite","median_real_income_fred_q","F2",4,-6.75252536354961e-06,0.685253277823631,9.38053688879938e-09,0.110276815653079,-798.936737707472,0.394513486583183,0.893524545742735,-7.49445553988198e-06,-2.95666378508149e-06,0.437860448631808,0.685253277823631,0.99646741182828,"weak",FALSE,"dflmx_20260403T201028Z_propagate","2026-04-03T20:10:28Z","config_dflmx_poverty_outcomes","econark-r/dflmx-R/config_dflmx_poverty_outcomes.R","propagate"
90,"credit_composite","median_real_income_fred_q","F2",8,1.50142783434255e-05,0.657504136896512,7.56381715153357e-09,0.458226095305349,-798.936737707472,0.394513486583183,0.893524545742735,-6.04301139966206e-06,-2.3840494967426e-06,-0.158785486868674,0.657504136896512,0.99646741182828,"weak",FALSE,"dflmx_20260403T201028Z_propagate","2026-04-03T20:10:28Z","config_dflmx_poverty_outcomes","econark-r/dflmx-R/config_dflmx_poverty_outcomes.R","propagate"
91,"ui_benefits","poverty_child_q","F2",4,1.30998141756821e-05,0.130466449688122,-3.93787480488945e-06,0.585125122143454,0.65641923816522,0.703169997767834,0.658158001318535,-2.58489677941554e-06,-1.81762186261171e-06,-0.138751728706645,0.585125122143454,0.99646741182828,"weak",FALSE,"dflmx_20260403T201028Z_propagate","2026-04-03T20:10:28Z","config_dflmx_poverty_outcomes","econark-r/dflmx-R/config_dflmx_poverty_outcomes.R","propagate"
92,"credit_composite","median_real_income_fred_q","F1",2,-8.26986180066317e-06,0.373982310310543,-2.09287006676755e-09,0.259232255804665,1226.18221228568,0.605486513416817,0.893524545742735,-2.56624004849551e-06,-1.55382373955415e-06,0.187889928152069,0.373982310310543,0.99646741182828,"weak",FALSE,"dflmx_20260403T201028Z_propagate","2026-04-03T20:10:28Z","config_dflmx_poverty_outcomes","econark-r/dflmx-R/config_dflmx_poverty_outcomes.R","propagate"
93,"ui_benefits","poverty_child_q","F2",8,6.9793745396557e-06,0.601844540265338,3.35481881099529e-06,0.821743802010087,0.65641923816522,0.703169997767834,0.658158001318535,2.20216760809588e-06,1.54849819206918e-06,0.221867759535021,0.821743802010087,0.99646741182828,"weak",FALSE,"dflmx_20260403T201028Z_propagate","2026-04-03T20:10:28Z","config_dflmx_poverty_outcomes","econark-r/dflmx-R/config_dflmx_poverty_outcomes.R","propagate"
94,"ui_benefits","poverty_all_q","F2",4,9.84587991941564e-06,0.0353177032879282,-3.93787480488945e-06,0.585125122143454,0.433334385056326,0.86819839325693,0.60632473416578,-1.70641655700557e-06,-1.48150811301926e-06,-0.150469853902828,0.585125122143454,0.99646741182828,"weak",FALSE,"dflmx_20260403T201028Z_propagate","2026-04-03T20:10:28Z","config_dflmx_poverty_outcomes","econark-r/dflmx-R/config_dflmx_poverty_outcomes.R","propagate"
95,"credit_composite","median_real_income_fred_q","F1",8,1.50142783434255e-05,0.657504136896512,-1.71955804527611e-09,0.646943760761074,1226.18221228568,0.605486513416817,0.893524545742735,-2.1084914881103e-06,-1.27666315970494e-06,-0.0850299382030553,0.657504136896512,0.99646741182828,"weak",FALSE,"dflmx_20260403T201028Z_propagate","2026-04-03T20:10:28Z","config_dflmx_poverty_outcomes","econark-r/dflmx-R/config_dflmx_poverty_outcomes.R","propagate"
96,"ui_benefits","poverty_all_q","F2",8,7.11598068384924e-06,0.392717406139212,3.35481881099529e-06,0.821743802010087,0.433334385056326,0.86819839325693,0.60632473416578,1.45375834643804e-06,1.26215066056136e-06,0.177368477605061,0.821743802010087,0.99646741182828,"weak",FALSE,"dflmx_20260403T201028Z_propagate","2026-04-03T20:10:28Z","config_dflmx_poverty_outcomes","econark-r/dflmx-R/config_dflmx_poverty_outcomes.R","propagate"
97,"snap_persons","poverty_child_q","F1",4,3.33163067510693e-05,0.123597784893403,1.42420429412874e-05,0.0987012043833733,-0.277095047496823,0.296830002232166,0.658158001318535,-3.94639956526783e-06,-1.17140979176747e-06,-0.0351602535214943,0.123597784893403,0.99646741182828,"weak",FALSE,"dflmx_20260403T201028Z_propagate","2026-04-03T20:10:28Z","config_dflmx_poverty_outcomes","econark-r/dflmx-R/config_dflmx_poverty_outcomes.R","propagate"
98,"ui_benefits","poverty_child_q","F1",4,1.30998141756821e-05,0.130466449688122,1.27690894372588e-05,0.000251182530701142,-0.277095047496823,0.296830002232166,0.658158001318535,-3.53825144410841e-06,-1.05025918405266e-06,-0.0801735940653505,0.130466449688122,0.99646741182828,"weak",FALSE,"dflmx_20260403T201028Z_propagate","2026-04-03T20:10:28Z","config_dflmx_poverty_outcomes","econark-r/dflmx-R/config_dflmx_poverty_outcomes.R","propagate"
99,"credit_composite","median_real_income_fred_q","F2",2,-8.26986180066317e-06,0.373982310310543,2.75947223812057e-09,0.511439693609569,-798.936737707472,0.394513486583183,0.893524545742735,-2.20464374771838e-06,-8.69761691586195e-07,0.105172457841611,0.511439693609569,0.99646741182828,"weak",FALSE,"dflmx_20260403T201028Z_propagate","2026-04-03T20:10:28Z","config_dflmx_poverty_outcomes","econark-r/dflmx-R/config_dflmx_poverty_outcomes.R","propagate"
100,"transfer_composite","wealth_share_gap_top10_bottom50","F2",8,-2.15640599349187e-06,0.103637374698965,8.61928696032443e-07,0.708060732556765,0.963368168095163,0.757428440395392,0.876611620732297,8.30354668925427e-07,6.28934241859218e-07,-0.291658548416843,0.708060732556765,0.99646741182828,"weak",FALSE,"dflmx_20260403T201028Z_propagate","2026-04-03T20:10:28Z","config_dflmx_poverty_outcomes","econark-r/dflmx-R/config_dflmx_poverty_outcomes.R","propagate"
101,"social_security","poverty_all_q","F1",4,2.77456220262858e-05,0.632993298045685,5.45570158290408e-05,0.168923716027179,-0.0657846969667703,0.13180160674307,0.60632473416578,-3.58901675372474e-06,-4.73038174768718e-07,-0.0170491104622044,0.632993298045685,0.99646741182828,"weak",FALSE,"dflmx_20260403T201028Z_propagate","2026-04-03T20:10:28Z","config_dflmx_poverty_outcomes","econark-r/dflmx-R/config_dflmx_poverty_outcomes.R","propagate"
102,"ui_benefits","poverty_child_q","F2",2,7.19199405965614e-06,0.162634438041041,-9.91216516252204e-07,0.817621678663628,0.65641923816522,0.703169997767834,0.658158001318535,-6.50653590455055e-07,-4.57520083747914e-07,-0.0636151921084581,0.817621678663628,0.99646741182828,"weak",FALSE,"dflmx_20260403T201028Z_propagate","2026-04-03T20:10:28Z","config_dflmx_poverty_outcomes","econark-r/dflmx-R/config_dflmx_poverty_outcomes.R","propagate"
103,"transfer_composite","poverty_child_q","F2",8,3.09238232640632e-06,0.0305966375221101,8.61928696032443e-07,0.708060732556765,0.65641923816522,0.703169997767834,0.658158001318535,5.65786578002358e-07,3.97844146790989e-07,0.128652962278868,0.708060732556765,0.99646741182828,"weak",FALSE,"dflmx_20260403T201028Z_propagate","2026-04-03T20:10:28Z","config_dflmx_poverty_outcomes","econark-r/dflmx-R/config_dflmx_poverty_outcomes.R","propagate"
104,"snap_persons","poverty_child_q","F1",2,1.83921213912766e-05,0.130596897607766,4.83697529874076e-06,0.500316887376492,-0.277095047496823,0.296830002232166,0.658158001318535,-1.34030190014553e-06,-3.97841816011974e-07,-0.0216310999448205,0.500316887376492,0.99646741182828,"weak",FALSE,"dflmx_20260403T201028Z_propagate","2026-04-03T20:10:28Z","config_dflmx_poverty_outcomes","econark-r/dflmx-R/config_dflmx_poverty_outcomes.R","propagate"
105,"social_security","poverty_all_q","F1",8,3.69174597183499e-05,0.701251097376515,4.33494756862589e-05,0.423359826453402,-0.0657846969667703,0.13180160674307,0.60632473416578,-2.85173212168892e-06,-3.75862875639423e-07,-0.0101811684364783,0.701251097376515,0.99646741182828,"weak",FALSE,"dflmx_20260403T201028Z_propagate","2026-04-03T20:10:28Z","config_dflmx_poverty_outcomes","econark-r/dflmx-R/config_dflmx_poverty_outcomes.R","propagate"
106,"ui_benefits","poverty_all_q","F2",2,5.17664072341427e-06,0.082106521074128,-9.91216516252204e-07,0.817621678663628,0.433334385056326,0.86819839325693,0.60632473416578,-4.29528199527823e-07,-3.72915692688598e-07,-0.0720381638621117,0.817621678663628,0.99646741182828,"weak",FALSE,"dflmx_20260403T201028Z_propagate","2026-04-03T20:10:28Z","config_dflmx_poverty_outcomes","econark-r/dflmx-R/config_dflmx_poverty_outcomes.R","propagate"
107,"social_security","poverty_all_q","F1",2,1.85927414870114e-05,0.522545269741601,4.30061859571841e-05,0.129165361768792,-0.0657846969667703,0.13180160674307,0.60632473416578,-2.82914891088993e-06,-3.728863721707e-07,-0.0200554809214764,0.522545269741601,0.99646741182828,"weak",FALSE,"dflmx_20260403T201028Z_propagate","2026-04-03T20:10:28Z","config_dflmx_poverty_outcomes","econark-r/dflmx-R/config_dflmx_poverty_outcomes.R","propagate"
108,"transfer_composite","wealth_share_gap_top10_bottom50","F2",2,-4.68882653870249e-07,0.622861317365694,4.67339331701085e-07,0.385635442763915,0.963368168095163,0.757428440395392,0.876611620732297,4.50219835859692e-07,3.41009308110276e-07,-0.727280707220704,0.622861317365694,0.99646741182828,"weak",FALSE,"dflmx_20260403T201028Z_propagate","2026-04-03T20:10:28Z","config_dflmx_poverty_outcomes","econark-r/dflmx-R/config_dflmx_poverty_outcomes.R","propagate"
109,"transfer_composite","poverty_all_q","F2",8,1.8082243168973e-06,0.0153748252916479,8.61928696032443e-07,0.708060732556765,0.433334385056326,0.86819839325693,0.60632473416578,3.7350334145762e-07,3.242750009296e-07,0.179333392378009,0.708060732556765,0.99646741182828,"weak",FALSE,"dflmx_20260403T201028Z_propagate","2026-04-03T20:10:28Z","config_dflmx_poverty_outcomes","econark-r/dflmx-R/config_dflmx_poverty_outcomes.R","propagate"
110,"transfer_composite","wealth_share_gap_top10_bottom50","F2",4,-9.27175310489576e-07,0.397042712647913,4.06384839440271e-07,0.794194046915295,0.963368168095163,0.757428440395392,0.876611620732297,3.91498218313221e-07,2.96531884914557e-07,-0.319822887386831,0.794194046915295,0.99646741182828,"weak",FALSE,"dflmx_20260403T201028Z_propagate","2026-04-03T20:10:28Z","config_dflmx_poverty_outcomes","econark-r/dflmx-R/config_dflmx_poverty_outcomes.R","propagate"
111,"ui_benefits","poverty_child_q","F1",2,7.19199405965614e-06,0.162634438041041,3.41157492827309e-06,0.521641530323074,-0.277095047496823,0.296830002232166,0.658158001318535,-9.45330516788801e-07,-2.80602459408554e-07,-0.03901594704904,0.521641530323074,0.99646741182828,"weak",FALSE,"dflmx_20260403T201028Z_propagate","2026-04-03T20:10:28Z","config_dflmx_poverty_outcomes","econark-r/dflmx-R/config_dflmx_poverty_outcomes.R","propagate"
112,"transfer_composite","wealth_share_gap_top1_bottom50","F2",8,3.27335125568861e-08,0.972385703436079,8.61928696032443e-07,0.708060732556765,0.603695758981002,0.504178247595831,0.895771475202385,5.20342698338811e-07,2.62345469797748e-07,8.0145835049578,0.972385703436079,0.99646741182828,"weak",FALSE,"dflmx_20260403T201028Z_propagate","2026-04-03T20:10:28Z","config_dflmx_poverty_outcomes","econark-r/dflmx-R/config_dflmx_poverty_outcomes.R","propagate"
113,"transfer_composite","poverty_child_q","F2",2,1.96448064464099e-06,4.553986187813e-06,4.67339331701085e-07,0.385635442763915,0.65641923816522,0.703169997767834,0.658158001318535,3.06770528079869e-07,2.15711831545159e-07,0.109806035571595,0.385635442763915,0.99646741182828,"weak",FALSE,"dflmx_20260403T201028Z_propagate","2026-04-03T20:10:28Z","config_dflmx_poverty_outcomes","econark-r/dflmx-R/config_dflmx_poverty_outcomes.R","propagate"
114,"ui_benefits","poverty_child_q","F1",8,6.9793745396557e-06,0.601844540265338,2.52037034166704e-06,0.566849560164729,-0.277095047496823,0.296830002232166,0.658158001318535,-6.98382139533813e-07,-2.07300772036726e-07,-0.0297019125222291,0.601844540265338,0.99646741182828,"weak",FALSE,"dflmx_20260403T201028Z_propagate","2026-04-03T20:10:28Z","config_dflmx_poverty_outcomes","econark-r/dflmx-R/config_dflmx_poverty_outcomes.R","propagate"
115,"snap_persons","poverty_child_q","F1",8,4.10147626412373e-05,0.175334075790951,2.45959061548488e-06,0.835810994193156,-0.277095047496823,0.296830002232166,0.658158001318535,-6.81540378420521e-07,-2.02301632047874e-07,-0.00493241016210283,0.835810994193156,0.99646741182828,"weak",FALSE,"dflmx_20260403T201028Z_propagate","2026-04-03T20:10:28Z","config_dflmx_poverty_outcomes","econark-r/dflmx-R/config_dflmx_poverty_outcomes.R","propagate"
116,"transfer_composite","poverty_child_q","F2",4,3.41941254589341e-06,1.53784654931706e-08,4.06384839440271e-07,0.794194046915295,0.65641923816522,0.703169997767834,0.658158001318535,2.66758826707278e-07,1.87576803580307e-07,0.0548564412929875,0.794194046915295,0.99646741182828,"weak",FALSE,"dflmx_20260403T201028Z_propagate","2026-04-03T20:10:28Z","config_dflmx_poverty_outcomes","econark-r/dflmx-R/config_dflmx_poverty_outcomes.R","propagate"
117,"transfer_composite","poverty_all_q","F2",2,1.12062632637146e-06,6.50143969364507e-07,4.67339331701085e-07,0.385635442763915,0.433334385056326,0.86819839325693,0.60632473416578,2.02514201915324e-07,1.75822504714594e-07,0.15689663947473,0.385635442763915,0.99646741182828,"weak",FALSE,"dflmx_20260403T201028Z_propagate","2026-04-03T20:10:28Z","config_dflmx_poverty_outcomes","econark-r/dflmx-R/config_dflmx_poverty_outcomes.R","propagate"
118,"transfer_composite","poverty_all_q","F2",4,1.94463299768093e-06,3.36741108810146e-09,4.06384839440271e-07,0.794194046915295,0.433334385056326,0.86819839325693,0.60632473416578,1.76100524495064e-07,1.52890192418317e-07,0.0786216178583033,0.794194046915295,0.99646741182828,"weak",FALSE,"dflmx_20260403T201028Z_propagate","2026-04-03T20:10:28Z","config_dflmx_poverty_outcomes","econark-r/dflmx-R/config_dflmx_poverty_outcomes.R","propagate"
119,"transfer_composite","wealth_share_gap_top1_bottom50","F2",2,2.06443990217345e-06,6.51812817137315e-05,4.67339331701085e-07,0.385635442763915,0.603695758981002,0.504178247595831,0.895771475202385,2.82130772552961e-07,1.4224419849861e-07,0.068902077676785,0.385635442763915,0.99646741182828,"weak",FALSE,"dflmx_20260403T201028Z_propagate","2026-04-03T20:10:28Z","config_dflmx_poverty_outcomes","econark-r/dflmx-R/config_dflmx_poverty_outcomes.R","propagate"
120,"social_security","gini_households_q","F1",4,1.40185544581794e-07,0.701787885112246,5.45570158290408e-05,0.168923716027179,0.00339869789489088,0.695126626329206,0.866419798484885,1.85422814849689e-07,1.28892335730929e-07,0.919440988836939,0.701787885112246,0.99646741182828,"weak",FALSE,"dflmx_20260403T201028Z_propagate","2026-04-03T20:10:28Z","config_dflmx_poverty_outcomes","econark-r/dflmx-R/config_dflmx_poverty_outcomes.R","propagate"
121,"transfer_composite","wealth_share_gap_top1_bottom50","F2",4,2.24970939782917e-06,0.000179943555654677,4.06384839440271e-07,0.794194046915295,0.603695758981002,0.504178247595831,0.895771475202385,2.45332804084267e-07,1.23691463240977e-07,0.054981084828259,0.794194046915295,0.99646741182828,"weak",FALSE,"dflmx_20260403T201028Z_propagate","2026-04-03T20:10:28Z","config_dflmx_poverty_outcomes","econark-r/dflmx-R/config_dflmx_poverty_outcomes.R","propagate"
122,"snap_persons","poverty_all_q","F1",4,2.52270029901919e-05,0.059188650045312,1.42420429412874e-05,0.0987012043833733,-0.0657846969667703,0.13180160674307,0.60632473416578,-9.36908479080324e-07,-1.23486042913993e-07,-0.00489499458029174,0.0987012043833733,0.99646741182828,"moderate",FALSE,"dflmx_20260403T201028Z_propagate","2026-04-03T20:10:28Z","config_dflmx_poverty_outcomes","econark-r/dflmx-R/config_dflmx_poverty_outcomes.R","propagate"
123,"ui_benefits","poverty_all_q","F1",4,9.84587991941564e-06,0.0353177032879282,1.27690894372588e-05,0.000251182530701142,-0.0657846969667703,0.13180160674307,0.60632473416578,-8.40010679171659e-07,-1.10714757196162e-07,-0.0112447803652203,0.0353177032879282,0.99646741182828,"strong",FALSE,"dflmx_20260403T201028Z_propagate","2026-04-03T20:10:28Z","config_dflmx_poverty_outcomes","econark-r/dflmx-R/config_dflmx_poverty_outcomes.R","propagate"
124,"social_security","gini_households_q","F1",8,-2.91773901252704e-07,0.61174045767716,4.33494756862589e-05,0.423359826453402,0.00339869789489088,0.695126626329206,0.866419798484885,1.47331771759511e-07,1.02414237454294e-07,-0.351005477236269,0.61174045767716,0.99646741182828,"weak",FALSE,"dflmx_20260403T201028Z_propagate","2026-04-03T20:10:28Z","config_dflmx_poverty_outcomes","econark-r/dflmx-R/config_dflmx_poverty_outcomes.R","propagate"
125,"social_security","gini_households_q","F1",2,1.1944077110568e-07,0.525646923333033,4.30061859571841e-05,0.129165361768792,0.00339869789489088,0.695126626329206,0.866419798484885,1.46165033679967e-07,1.0160320674925e-07,0.850657659094921,0.525646923333033,0.99646741182828,"weak",FALSE,"dflmx_20260403T201028Z_propagate","2026-04-03T20:10:28Z","config_dflmx_poverty_outcomes","econark-r/dflmx-R/config_dflmx_poverty_outcomes.R","propagate"
126,"transfer_composite","wealth_share_gap_top10_bottom50","F1",4,-9.27175310489576e-07,0.397042712647913,1.15342297398651e-06,2.34522467785092e-06,0.308525144482678,0.242571559604608,0.876611620732297,3.55859989698829e-07,8.63215127021246e-08,-0.0931016084288788,0.397042712647913,0.99646741182828,"weak",FALSE,"dflmx_20260403T201028Z_propagate","2026-04-03T20:10:28Z","config_dflmx_poverty_outcomes","econark-r/dflmx-R/config_dflmx_poverty_outcomes.R","propagate"
127,"transfer_composite","wealth_share_gap_top1_bottom50","F1",8,3.27335125568861e-08,0.972385703436079,2.66516057951706e-07,0.300884467818414,0.593689812212756,0.495821752404169,0.895771475202385,1.58227868397032e-07,7.84528189877926e-08,2.39671250836442,0.972385703436079,0.99646741182828,"weak",FALSE,"dflmx_20260403T201028Z_propagate","2026-04-03T20:10:28Z","config_dflmx_poverty_outcomes","econark-r/dflmx-R/config_dflmx_poverty_outcomes.R","propagate"
128,"social_security","gini_households_q","F2",2,1.1944077110568e-07,0.525646923333033,-9.30928611772386e-05,0.0451920812234543,0.00149062408783703,0.304873373670794,0.866419798484885,-1.38766461276461e-07,-4.23061992017122e-08,-0.35420232815041,0.525646923333033,0.99646741182828,"weak",FALSE,"dflmx_20260403T201028Z_propagate","2026-04-03T20:10:28Z","config_dflmx_poverty_outcomes","econark-r/dflmx-R/config_dflmx_poverty_outcomes.R","propagate"
129,"snap_persons","poverty_all_q","F1",2,1.39712909174533e-05,0.0718245806514518,4.83697529874076e-06,0.500316887376492,-0.0657846969667703,0.13180160674307,0.60632473416578,-3.18198954263414e-07,-4.19391334358827e-08,-0.00300180804219682,0.500316887376492,0.99646741182828,"weak",FALSE,"dflmx_20260403T201028Z_propagate","2026-04-03T20:10:28Z","config_dflmx_poverty_outcomes","econark-r/dflmx-R/config_dflmx_poverty_outcomes.R","propagate"
130,"social_security","gini_households_q","F2",4,1.40185544581794e-07,0.701787885112246,-7.92555157371952e-05,0.348815847085593,0.00149062408783703,0.304873373670794,0.866419798484885,-1.1814018085181e-07,-3.60177955023691e-08,-0.256929454529842,0.701787885112246,0.99646741182828,"weak",FALSE,"dflmx_20260403T201028Z_propagate","2026-04-03T20:10:28Z","config_dflmx_poverty_outcomes","econark-r/dflmx-R/config_dflmx_poverty_outcomes.R","propagate"
131,"social_security","gini_households_q","F2",8,-2.91773901252704e-07,0.61174045767716,-7.6229499292225e-05,0.541868005796079,0.00149062408783703,0.304873373670794,0.866419798484885,-1.13629527848747e-07,-3.46426175038669e-08,0.118731035761362,0.61174045767716,0.99646741182828,"weak",FALSE,"dflmx_20260403T201028Z_propagate","2026-04-03T20:10:28Z","config_dflmx_poverty_outcomes","econark-r/dflmx-R/config_dflmx_poverty_outcomes.R","propagate"
132,"ui_benefits","poverty_all_q","F1",2,5.17664072341427e-06,0.082106521074128,3.41157492827309e-06,0.521641530323074,-0.0657846969667703,0.13180160674307,0.60632473416578,-2.24429422835876e-07,-2.95801585301883e-08,-0.005714160999506,0.521641530323074,0.99646741182828,"weak",FALSE,"dflmx_20260403T201028Z_propagate","2026-04-03T20:10:28Z","config_dflmx_poverty_outcomes","econark-r/dflmx-R/config_dflmx_poverty_outcomes.R","propagate"
133,"transfer_composite","poverty_child_q","F1",8,3.09238232640632e-06,0.0305966375221101,2.66516057951706e-07,0.300884467818414,-0.277095047496823,0.296830002232166,0.658158001318535,-7.38502797367938e-08,-2.19209786991186e-08,-0.00708870261996133,0.300884467818414,0.99646741182828,"weak",FALSE,"dflmx_20260403T201028Z_propagate","2026-04-03T20:10:28Z","config_dflmx_poverty_outcomes","econark-r/dflmx-R/config_dflmx_poverty_outcomes.R","propagate"
134,"ui_benefits","poverty_all_q","F1",8,7.11598068384924e-06,0.392717406139212,2.52037034166704e-06,0.566849560164729,-0.0657846969667703,0.13180160674307,0.60632473416578,-1.65801799170602e-07,-2.18529435315771e-08,-0.00307096723592513,0.566849560164729,0.99646741182828,"weak",FALSE,"dflmx_20260403T201028Z_propagate","2026-04-03T20:10:28Z","config_dflmx_poverty_outcomes","econark-r/dflmx-R/config_dflmx_poverty_outcomes.R","propagate"
135,"snap_persons","poverty_all_q","F1",8,2.9182499082195e-05,0.139595750702279,2.45959061548488e-06,0.835810994193156,-0.0657846969667703,0.13180160674307,0.60632473416578,-1.61803423301985e-07,-2.13259511677307e-08,-0.000730778783121498,0.835810994193156,0.99646741182828,"weak",FALSE,"dflmx_20260403T201028Z_propagate","2026-04-03T20:10:28Z","config_dflmx_poverty_outcomes","econark-r/dflmx-R/config_dflmx_poverty_outcomes.R","propagate"
136,"transfer_composite","wealth_share_gap_top10_bottom50","F1",8,-2.15640599349187e-06,0.103637374698965,2.66516057951706e-07,0.300884467818414,0.308525144482678,0.242571559604608,0.876611620732297,8.22269052865037e-08,1.99459086568076e-08,-0.00924960731745564,0.300884467818414,0.99646741182828,"weak",FALSE,"dflmx_20260403T201028Z_propagate","2026-04-03T20:10:28Z","config_dflmx_poverty_outcomes","econark-r/dflmx-R/config_dflmx_poverty_outcomes.R","propagate"
137,"ui_benefits","gini_households_q","F1",2,5.42920399389045e-08,0.0187703941208803,3.41157492827309e-06,0.521641530323074,0.00339869789489088,0.695126626329206,0.866419798484885,1.15949125269842e-08,8.0599324274648e-09,0.148455140689772,0.521641530323074,0.99646741182828,"weak",FALSE,"dflmx_20260403T201028Z_propagate","2026-04-03T20:10:28Z","config_dflmx_poverty_outcomes","econark-r/dflmx-R/config_dflmx_poverty_outcomes.R","propagate"
138,"ui_benefits","gini_households_q","F1",8,-1.69416711880867e-08,0.725531884407406,2.52037034166704e-06,0.566849560164729,0.00339869789489088,0.695126626329206,0.866419798484885,8.56597737456918e-09,5.95443895359658e-09,-0.351467035777658,0.725531884407406,0.99646741182828,"weak",FALSE,"dflmx_20260403T201028Z_propagate","2026-04-03T20:10:28Z","config_dflmx_poverty_outcomes","econark-r/dflmx-R/config_dflmx_poverty_outcomes.R","propagate"
139,"credit_composite","poverty_child_q","F2",4,-7.38424970073326e-09,0.399775313771938,9.38053688879938e-09,0.110276815653079,0.65641923816522,0.703169997767834,0.658158001318535,6.15756487812644e-09,4.32981488160746e-09,-0.586358134825466,0.399775313771938,0.99646741182828,"weak",FALSE,"dflmx_20260403T201028Z_propagate","2026-04-03T20:10:28Z","config_dflmx_poverty_outcomes","econark-r/dflmx-R/config_dflmx_poverty_outcomes.R","propagate"
140,"credit_composite","poverty_all_q","F2",4,-5.56310107399777e-09,0.291224763137239,9.38053688879938e-09,0.110276815653079,0.433334385056326,0.86819839325693,0.60632473416578,4.06490918420607e-09,3.52914762246304e-09,-0.634384954635908,0.291224763137239,0.99646741182828,"weak",FALSE,"dflmx_20260403T201028Z_propagate","2026-04-03T20:10:28Z","config_dflmx_poverty_outcomes","econark-r/dflmx-R/config_dflmx_poverty_outcomes.R","propagate"
141,"credit_composite","poverty_child_q","F2",8,-1.15939069930443e-10,0.993342306677333,7.56381715153357e-09,0.458226095305349,0.65641923816522,0.703169997767834,0.658158001318535,4.96503509223069e-09,3.49126371472107e-09,-30.1129180768454,0.993342306677333,0.99646741182828,"weak",FALSE,"dflmx_20260403T201028Z_propagate","2026-04-03T20:10:28Z","config_dflmx_poverty_outcomes","econark-r/dflmx-R/config_dflmx_poverty_outcomes.R","propagate"
142,"credit_composite","wealth_share_gap_top1_bottom50","F2",4,-3.73127341282018e-09,0.457390337837944,9.38053688879938e-09,0.110276815653079,0.603695758981002,0.504178247595831,0.895771475202385,5.66299033673303e-09,2.85515654412619e-09,-0.765196282404883,0.457390337837944,0.99646741182828,"weak",FALSE,"dflmx_20260403T201028Z_propagate","2026-04-03T20:10:28Z","config_dflmx_poverty_outcomes","econark-r/dflmx-R/config_dflmx_poverty_outcomes.R","propagate"
143,"transfer_composite","wealth_share_gap_top1_bottom50","F1",2,2.06443990217345e-06,6.51812817137315e-05,-9.68442833674158e-09,0.981505438835065,0.593689812212756,0.495821752404169,0.895771475202385,-5.749546440628e-09,-2.85075019172133e-09,-0.00138088310961246,0.981505438835065,0.99646741182828,"weak",FALSE,"dflmx_20260403T201028Z_propagate","2026-04-03T20:10:28Z","config_dflmx_poverty_outcomes","econark-r/dflmx-R/config_dflmx_poverty_outcomes.R","propagate"
144,"credit_composite","poverty_all_q","F2",8,-1.87083791011082e-09,0.826746727669848,7.56381715153357e-09,0.458226095305349,0.433334385056326,0.86819839325693,0.60632473416578,3.27766205403829e-09,2.84566092895525e-09,-1.52106225428513,0.826746727669848,0.99646741182828,"weak",FALSE,"dflmx_20260403T201028Z_propagate","2026-04-03T20:10:28Z","config_dflmx_poverty_outcomes","econark-r/dflmx-R/config_dflmx_poverty_outcomes.R","propagate"
145,"transfer_composite","poverty_all_q","F1",8,1.8082243168973e-06,0.0153748252916479,2.66516057951706e-07,0.300884467818414,-0.0657846969667703,0.13180160674307,0.60632473416578,-1.75326781091311e-08,-2.31083514529253e-09,-0.00127795822879855,0.300884467818414,0.99646741182828,"weak",FALSE,"dflmx_20260403T201028Z_propagate","2026-04-03T20:10:28Z","config_dflmx_poverty_outcomes","econark-r/dflmx-R/config_dflmx_poverty_outcomes.R","propagate"
146,"credit_composite","wealth_share_gap_top1_bottom50","F2",8,2.2121107595515e-09,0.751487240687434,7.56381715153357e-09,0.458226095305349,0.603695758981002,0.504178247595831,0.895771475202385,4.56624433608858e-09,2.30220106746353e-09,1.04072594806704,0.751487240687434,0.99646741182828,"weak",FALSE,"dflmx_20260403T201028Z_propagate","2026-04-03T20:10:28Z","config_dflmx_poverty_outcomes","econark-r/dflmx-R/config_dflmx_poverty_outcomes.R","propagate"
147,"ui_benefits","gini_households_q","F2",4,8.67268656206855e-08,0.0281676183075565,-3.93787480488945e-06,0.585125122143454,0.00149062408783703,0.304873373670794,0.866419798484885,-5.86989103905477e-09,-1.78957348415659e-09,-0.0206345919611991,0.585125122143454,0.99646741182828,"weak",FALSE,"dflmx_20260403T201028Z_propagate","2026-04-03T20:10:28Z","config_dflmx_poverty_outcomes","econark-r/dflmx-R/config_dflmx_poverty_outcomes.R","propagate"
148,"ui_benefits","gini_households_q","F2",8,-1.69416711880867e-08,0.725531884407406,3.35481881099529e-06,0.821743802010087,0.00149062408783703,0.304873373670794,0.866419798484885,5.00077372999838e-09,1.52460275802889e-09,-0.0899912848681058,0.821743802010087,0.99646741182828,"weak",FALSE,"dflmx_20260403T201028Z_propagate","2026-04-03T20:10:28Z","config_dflmx_poverty_outcomes","econark-r/dflmx-R/config_dflmx_poverty_outcomes.R","propagate"
149,"credit_composite","poverty_child_q","F2",2,-2.95770408690691e-09,0.511398671730711,2.75947223812057e-09,0.511439693609569,0.65641923816522,0.703169997767834,0.658158001318535,1.81137066428518e-09,1.27370150596213e-09,-0.430638586057516,0.511439693609569,0.99646741182828,"weak",FALSE,"dflmx_20260403T201028Z_propagate","2026-04-03T20:10:28Z","config_dflmx_poverty_outcomes","econark-r/dflmx-R/config_dflmx_poverty_outcomes.R","propagate"
150,"credit_composite","wealth_share_gap_top1_bottom50","F1",4,-3.73127341282018e-09,0.457390337837944,-3.9920353725271e-09,0.121395961595377,0.593689812212756,0.495821752404169,0.895771475202385,-2.37003073066229e-09,-1.17511279012871e-09,0.314936125048133,0.457390337837944,0.99646741182828,"weak",FALSE,"dflmx_20260403T201028Z_propagate","2026-04-03T20:10:28Z","config_dflmx_poverty_outcomes","econark-r/dflmx-R/config_dflmx_poverty_outcomes.R","propagate"
151,"revolving_credit","poverty_child_q","F2",4,-1.07292501264689e-08,0.112306721426745,2.41455642055995e-09,0.661252853507863,0.65641923816522,0.703169997767834,0.658158001318535,1.5849612860909e-09,1.11449722400264e-09,-0.103874661403707,0.661252853507863,0.99646741182828,"weak",FALSE,"dflmx_20260403T201028Z_propagate","2026-04-03T20:10:28Z","config_dflmx_poverty_outcomes","econark-r/dflmx-R/config_dflmx_poverty_outcomes.R","propagate"
152,"credit_composite","poverty_all_q","F2",2,-2.10939048929093e-09,0.466372695632906,2.75947223812057e-09,0.511439693609569,0.433334385056326,0.86819839325693,0.60632473416578,1.19577420538598e-09,1.03816924381419e-09,-0.492165508986991,0.511439693609569,0.99646741182828,"weak",FALSE,"dflmx_20260403T201028Z_propagate","2026-04-03T20:10:28Z","config_dflmx_poverty_outcomes","econark-r/dflmx-R/config_dflmx_poverty_outcomes.R","propagate"
153,"revolving_credit","poverty_child_q","F2",8,-8.5683013349775e-09,0.351191540387994,-2.09220679514448e-09,0.84046469926508,0.65641923816522,0.703169997767834,0.658158001318535,-1.37336479055283e-09,-9.65708916707458e-10,0.1127071608424,0.84046469926508,0.99646741182828,"weak",FALSE,"dflmx_20260403T201028Z_propagate","2026-04-03T20:10:28Z","config_dflmx_poverty_outcomes","econark-r/dflmx-R/config_dflmx_poverty_outcomes.R","propagate"
154,"revolving_credit","poverty_all_q","F2",4,-7.46166861153686e-09,0.0562032783955591,2.41455642055995e-09,0.661252853507863,0.433334385056326,0.86819839325693,0.60632473416578,1.04631032168715e-09,9.08404940136925e-10,-0.121742868442642,0.661252853507863,0.99646741182828,"weak",FALSE,"dflmx_20260403T201028Z_propagate","2026-04-03T20:10:28Z","config_dflmx_poverty_outcomes","econark-r/dflmx-R/config_dflmx_poverty_outcomes.R","propagate"
155,"credit_composite","wealth_share_gap_top1_bottom50","F2",2,2.21164898516676e-10,0.954399082482728,2.75947223812057e-09,0.511439693609569,0.603695758981002,0.504178247595831,0.895771475202385,1.6658816871792e-09,8.39901309743995e-10,3.79762482824853,0.954399082482728,0.99646741182828,"weak",FALSE,"dflmx_20260403T201028Z_propagate","2026-04-03T20:10:28Z","config_dflmx_poverty_outcomes","econark-r/dflmx-R/config_dflmx_poverty_outcomes.R","propagate"
156,"transfer_composite","poverty_child_q","F1",2,1.96448064464099e-06,4.553986187813e-06,-9.68442833674158e-09,0.981505438835065,-0.277095047496823,0.296830002232166,0.658158001318535,2.68350712994899e-09,7.9654542737279e-10,0.000405473797639965,0.981505438835065,0.99646741182828,"weak",FALSE,"dflmx_20260403T201028Z_propagate","2026-04-03T20:10:28Z","config_dflmx_poverty_outcomes","econark-r/dflmx-R/config_dflmx_poverty_outcomes.R","propagate"
157,"revolving_credit","poverty_all_q","F2",8,-5.83030965079254e-09,0.321511223940469,-2.09220679514448e-09,0.84046469926508,0.433334385056326,0.86819839325693,0.60632473416578,-9.06625144984598e-10,-7.8713049416196e-10,0.135006636235,0.84046469926508,0.99646741182828,"weak",FALSE,"dflmx_20260403T201028Z_propagate","2026-04-03T20:10:28Z","config_dflmx_poverty_outcomes","econark-r/dflmx-R/config_dflmx_poverty_outcomes.R","propagate"
158,"transfer_composite","wealth_share_gap_top10_bottom50","F1",2,-4.68882653870249e-07,0.622861317365694,-9.68442833674158e-09,0.981505438835065,0.308525144482678,0.242571559604608,0.876611620732297,-2.98788965182534e-09,-7.24777052769741e-10,0.00154575360548591,0.981505438835065,0.99646741182828,"weak",FALSE,"dflmx_20260403T201028Z_propagate","2026-04-03T20:10:28Z","config_dflmx_poverty_outcomes","econark-r/dflmx-R/config_dflmx_poverty_outcomes.R","propagate"
159,"transfer_composite","gini_households_q","F1",8,1.10917747235986e-08,0.000286407258513702,2.66516057951706e-07,0.300884467818414,0.00339869789489088,0.695126626329206,0.866419798484885,9.05807565115076e-10,6.29650956841915e-10,0.0567673769556717,0.300884467818414,0.99646741182828,"weak",FALSE,"dflmx_20260403T201028Z_propagate","2026-04-03T20:10:28Z","config_dflmx_poverty_outcomes","econark-r/dflmx-R/config_dflmx_poverty_outcomes.R","propagate"
160,"credit_composite","wealth_share_gap_top1_bottom50","F1",2,2.21164898516676e-10,0.954399082482728,-2.09287006676755e-09,0.259232255804665,0.593689812212756,0.495821752404169,0.895771475202385,-1.24251563692493e-09,-6.16066280489698e-10,-2.78555179696948,0.954399082482728,0.99646741182828,"weak",FALSE,"dflmx_20260403T201028Z_propagate","2026-04-03T20:10:28Z","config_dflmx_poverty_outcomes","econark-r/dflmx-R/config_dflmx_poverty_outcomes.R","propagate"
161,"revolving_credit","poverty_child_q","F2",2,-5.77790904093109e-09,0.0602942819005574,-1.32307189992109e-09,0.705752525094415,0.65641923816522,0.703169997767834,0.658158001318535,-8.68489848584013e-10,-6.10696004890207e-10,0.1056949842173,0.705752525094415,0.99646741182828,"weak",FALSE,"dflmx_20260403T201028Z_propagate","2026-04-03T20:10:28Z","config_dflmx_poverty_outcomes","econark-r/dflmx-R/config_dflmx_poverty_outcomes.R","propagate"
162,"credit_composite","wealth_share_gap_top1_bottom50","F1",8,2.2121107595515e-09,0.751487240687434,-1.71955804527611e-09,0.646943760761074,0.593689812212756,0.495821752404169,0.895771475202385,-1.02088409298891e-09,-5.06176539987301e-10,-0.228820612983198,0.751487240687434,0.99646741182828,"weak",FALSE,"dflmx_20260403T201028Z_propagate","2026-04-03T20:10:28Z","config_dflmx_poverty_outcomes","econark-r/dflmx-R/config_dflmx_poverty_outcomes.R","propagate"
163,"revolving_credit","poverty_all_q","F2",2,-4.08135278086229e-09,0.0259657089022917,-1.32307189992109e-09,0.705752525094415,0.433334385056326,0.86819839325693,0.60632473416578,-5.73332548137611e-10,-4.97766397094976e-10,0.12196113000303,0.705752525094415,0.99646741182828,"weak",FALSE,"dflmx_20260403T201028Z_propagate","2026-04-03T20:10:28Z","config_dflmx_poverty_outcomes","econark-r/dflmx-R/config_dflmx_poverty_outcomes.R","propagate"
164,"ui_benefits","gini_households_q","F2",2,5.42920399389045e-08,0.0187703941208803,-9.91216516252204e-07,0.817621678663628,0.00149062408783703,0.304873373670794,0.866419798484885,-1.47753121538744e-09,-4.50459926339079e-10,-0.00829697920442825,0.817621678663628,0.99646741182828,"weak",FALSE,"dflmx_20260403T201028Z_propagate","2026-04-03T20:10:28Z","config_dflmx_poverty_outcomes","econark-r/dflmx-R/config_dflmx_poverty_outcomes.R","propagate"
165,"transfer_composite","gini_households_q","F2",8,1.10917747235986e-08,0.000286407258513702,8.61928696032443e-07,0.708060732556765,0.00149062408783703,0.304873373670794,0.866419798484885,1.28481167630393e-09,3.91704870286406e-10,0.0353148959519546,0.708060732556765,0.99646741182828,"weak",FALSE,"dflmx_20260403T201028Z_propagate","2026-04-03T20:10:28Z","config_dflmx_poverty_outcomes","econark-r/dflmx-R/config_dflmx_poverty_outcomes.R","propagate"
166,"credit_composite","poverty_child_q","F1",4,-7.38424970073326e-09,0.399775313771938,-3.9920353725271e-09,0.121395961595377,-0.277095047496823,0.296830002232166,0.658158001318535,1.10617323115939e-09,3.28345402674205e-10,-0.0444656418703717,0.399775313771938,0.99646741182828,"weak",FALSE,"dflmx_20260403T201028Z_propagate","2026-04-03T20:10:28Z","config_dflmx_poverty_outcomes","econark-r/dflmx-R/config_dflmx_poverty_outcomes.R","propagate"
167,"revolving_credit","poverty_child_q","F1",4,-1.07292501264689e-08,0.112306721426745,-3.71001193007449e-09,0.0538875281461064,-0.277095047496823,0.296830002232166,0.658158001318535,1.02802593197777e-09,3.05148939683686e-10,-0.0284408449879351,0.112306721426745,0.99646741182828,"weak",FALSE,"dflmx_20260403T201028Z_propagate","2026-04-03T20:10:28Z","config_dflmx_poverty_outcomes","econark-r/dflmx-R/config_dflmx_poverty_outcomes.R","propagate"
168,"home_equity","wealth_share_gap_top10_bottom50","F2",8,1.60718720759335e-10,0.664135221899033,-3.12349220854144e-10,0.371074475430246,0.963368168095163,0.757428440395392,0.876611620732297,-3.00907296700208e-10,-2.27915744443232e-10,-1.41810327612376,0.664135221899033,0.99646741182828,"weak",FALSE,"dflmx_20260403T201028Z_propagate","2026-04-03T20:10:28Z","config_dflmx_poverty_outcomes","econark-r/dflmx-R/config_dflmx_poverty_outcomes.R","propagate"
169,"transfer_composite","gini_households_q","F2",2,9.88156467708069e-09,4.24828691041706e-08,4.67339331701085e-07,0.385635442763915,0.00149062408783703,0.304873373670794,0.866419798484885,6.96627265027299e-10,2.12383104479931e-10,0.0214928618513759,0.385635442763915,0.99646741182828,"weak",FALSE,"dflmx_20260403T201028Z_propagate","2026-04-03T20:10:28Z","config_dflmx_poverty_outcomes","econark-r/dflmx-R/config_dflmx_poverty_outcomes.R","propagate"
170,"transfer_composite","gini_households_q","F2",4,1.65271659654922e-08,6.51001222084906e-12,4.06384839440271e-07,0.794194046915295,0.00149062408783703,0.304873373670794,0.866419798484885,6.05767030601454e-10,1.84682238278004e-10,0.0111744650391731,0.794194046915295,0.99646741182828,"weak",FALSE,"dflmx_20260403T201028Z_propagate","2026-04-03T20:10:28Z","config_dflmx_poverty_outcomes","econark-r/dflmx-R/config_dflmx_poverty_outcomes.R","propagate"
171,"credit_composite","poverty_child_q","F1",2,-2.95770408690691e-09,0.511398671730711,-2.09287006676755e-09,0.259232255804665,-0.277095047496823,0.296830002232166,0.658158001318535,5.79923930555633e-10,1.72138821601315e-10,-0.0582001500296581,0.511398671730711,0.99646741182828,"weak",FALSE,"dflmx_20260403T201028Z_propagate","2026-04-03T20:10:28Z","config_dflmx_poverty_outcomes","econark-r/dflmx-R/config_dflmx_poverty_outcomes.R","propagate"
172,"home_equity","wealth_share_gap_top10_bottom50","F2",4,-1.32171329519278e-10,0.402913086066095,-2.29820019320821e-10,0.247853158642581,0.963368168095163,0.757428440395392,0.876611620732297,-2.21401291004694e-10,-1.67695634547212e-10,1.26877466661749,0.402913086066095,0.99646741182828,"weak",FALSE,"dflmx_20260403T201028Z_propagate","2026-04-03T20:10:28Z","config_dflmx_poverty_outcomes","econark-r/dflmx-R/config_dflmx_poverty_outcomes.R","propagate"
173,"revolving_credit","poverty_child_q","F1",2,-5.77790904093109e-09,0.0602942819005574,-1.99705559094069e-09,0.250547048865798,-0.277095047496823,0.296830002232166,0.658158001318535,5.53374213825506e-10,1.64258069125048e-10,-0.0284286353352801,0.250547048865798,0.99646741182828,"weak",FALSE,"dflmx_20260403T201028Z_propagate","2026-04-03T20:10:28Z","config_dflmx_poverty_outcomes","econark-r/dflmx-R/config_dflmx_poverty_outcomes.R","propagate"
174,"credit_composite","poverty_child_q","F1",8,-1.15939069930443e-10,0.993342306677333,-1.71955804527611e-09,0.646943760761074,-0.277095047496823,0.296830002232166,0.658158001318535,4.76481018229328e-10,1.41433861704596e-10,-1.21989819126071,0.993342306677333,0.99646741182828,"weak",FALSE,"dflmx_20260403T201028Z_propagate","2026-04-03T20:10:28Z","config_dflmx_poverty_outcomes","econark-r/dflmx-R/config_dflmx_poverty_outcomes.R","propagate"
175,"home_equity","wealth_share_gap_top1_bottom50","F1",8,4.11753419139721e-11,0.874714744780199,3.2567832248462e-10,0.0793729769835364,0.593689812212756,0.495821752404169,0.895771475202385,1.9335190211766e-10,9.58680789386573e-11,2.32828859415315,0.874714744780199,0.99646741182828,"weak",FALSE,"dflmx_20260403T201028Z_propagate","2026-04-03T20:10:28Z","config_dflmx_poverty_outcomes","econark-r/dflmx-R/config_dflmx_poverty_outcomes.R","propagate"
176,"home_equity","wealth_share_gap_top1_bottom50","F2",8,4.11753419139721e-11,0.874714744780199,-3.12349220854144e-10,0.371074475430246,0.603695758981002,0.504178247595831,0.895771475202385,-1.88563899950667e-10,-9.50698166369628e-11,-2.30890169256136,0.874714744780199,0.99646741182828,"weak",FALSE,"dflmx_20260403T201028Z_propagate","2026-04-03T20:10:28Z","config_dflmx_poverty_outcomes","econark-r/dflmx-R/config_dflmx_poverty_outcomes.R","propagate"
177,"household_networth","wealth_share_gap_top10_bottom50","F2",8,-8.45157914950412e-11,0.0555945054448362,-1.23121612082352e-10,0.269605658280625,0.963368168095163,0.757428440395392,0.876611620732297,-1.18611441884698e-10,-8.98396794397758e-11,1.06299281886329,0.269605658280625,0.99646741182828,"weak",FALSE,"dflmx_20260403T201028Z_propagate","2026-04-03T20:10:28Z","config_dflmx_poverty_outcomes","econark-r/dflmx-R/config_dflmx_poverty_outcomes.R","propagate"
178,"transfer_composite","poverty_all_q","F1",2,1.12062632637146e-06,6.50143969364507e-07,-9.68442833674158e-09,0.981505438835065,-0.0657846969667703,0.13180160674307,0.60632473416578,6.37087183428948e-10,8.39691144113524e-11,7.49305209375555e-05,0.981505438835065,0.99646741182828,"weak",FALSE,"dflmx_20260403T201028Z_propagate","2026-04-03T20:10:28Z","config_dflmx_poverty_outcomes","econark-r/dflmx-R/config_dflmx_poverty_outcomes.R","propagate"
179,"home_equity","wealth_share_gap_top10_bottom50","F2",2,-1.43697588281025e-10,0.155780057158882,-9.98794476225954e-11,0.408093939834797,0.963368168095163,0.757428440395392,0.876611620732297,-9.62206804865364e-11,-7.28802799547006e-11,0.507178170674451,0.408093939834797,0.99646741182828,"weak",FALSE,"dflmx_20260403T201028Z_propagate","2026-04-03T20:10:28Z","config_dflmx_poverty_outcomes","econark-r/dflmx-R/config_dflmx_poverty_outcomes.R","propagate"
180,"home_equity","wealth_share_gap_top1_bottom50","F2",4,-1.13042942042003e-10,0.570396747491653,-2.29820019320821e-10,0.247853158642581,0.603695758981002,0.504178247595831,0.895771475202385,-1.38741370992912e-10,-6.99503812962492e-11,0.618794769781007,0.570396747491653,0.99646741182828,"weak",FALSE,"dflmx_20260403T201028Z_propagate","2026-04-03T20:10:28Z","config_dflmx_poverty_outcomes","econark-r/dflmx-R/config_dflmx_poverty_outcomes.R","propagate"
181,"revolving_credit","poverty_child_q","F1",8,-8.5683013349775e-09,0.351191540387994,8.38402151680134e-10,0.753954041722519,-0.277095047496823,0.296830002232166,0.658158001318535,-2.32317084041245e-10,-6.8958680574533e-11,0.00804811570912312,0.753954041722519,0.99646741182828,"weak",FALSE,"dflmx_20260403T201028Z_propagate","2026-04-03T20:10:28Z","config_dflmx_poverty_outcomes","econark-r/dflmx-R/config_dflmx_poverty_outcomes.R","propagate"
182,"household_networth","wealth_share_gap_top10_bottom50","F2",4,-5.94527626573464e-11,0.0208274418667397,-8.08284201225918e-11,0.213226854896667,0.963368168095163,0.757428440395392,0.876611620732297,-7.78675270235274e-11,-5.89790795508764e-11,0.992032614040158,0.213226854896667,0.99646741182828,"weak",FALSE,"dflmx_20260403T201028Z_propagate","2026-04-03T20:10:28Z","config_dflmx_poverty_outcomes","econark-r/dflmx-R/config_dflmx_poverty_outcomes.R","propagate"
183,"home_equity","wealth_share_gap_top1_bottom50","F1",4,-1.13042942042003e-10,0.570396747491653,1.70483109491778e-10,0.155306478847285,0.593689812212756,0.495821752404169,0.895771475202385,1.0121408525962e-10,5.01841451214099e-11,-0.443938774193995,0.570396747491653,0.99646741182828,"weak",FALSE,"dflmx_20260403T201028Z_propagate","2026-04-03T20:10:28Z","config_dflmx_poverty_outcomes","econark-r/dflmx-R/config_dflmx_poverty_outcomes.R","propagate"
184,"home_equity","wealth_share_gap_top1_bottom50","F1",2,-5.87682753170378e-11,0.788369082088936,1.45175669993385e-10,0.0727760529229738,0.593689812212756,0.495821752404169,0.895771475202385,8.61893162562337e-11,4.27345378246829e-11,-0.727170188237488,0.788369082088936,0.99646741182828,"weak",FALSE,"dflmx_20260403T201028Z_propagate","2026-04-03T20:10:28Z","config_dflmx_poverty_outcomes","econark-r/dflmx-R/config_dflmx_poverty_outcomes.R","propagate"
185,"household_networth","wealth_share_gap_top1_bottom50","F2",8,2.88471385413517e-11,0.44607516126129,-1.23121612082352e-10,0.269605658280625,0.603695758981002,0.504178247595831,0.895771475202385,-7.43279950530198e-11,-3.74745582931431e-11,-1.29907367551982,0.44607516126129,0.99646741182828,"weak",FALSE,"dflmx_20260403T201028Z_propagate","2026-04-03T20:10:28Z","config_dflmx_poverty_outcomes","econark-r/dflmx-R/config_dflmx_poverty_outcomes.R","propagate"
186,"credit_composite","poverty_all_q","F1",4,-5.56310107399777e-09,0.291224763137239,-3.9920353725271e-09,0.121395961595377,-0.0657846969667703,0.13180160674307,0.60632473416578,2.62614837262323e-10,3.46130575057441e-11,-0.00622189980827912,0.291224763137239,0.99646741182828,"weak",FALSE,"dflmx_20260403T201028Z_propagate","2026-04-03T20:10:28Z","config_dflmx_poverty_outcomes","econark-r/dflmx-R/config_dflmx_poverty_outcomes.R","propagate"
187,"revolving_credit","poverty_all_q","F1",4,-7.46166861153686e-09,0.0562032783955591,-3.71001193007449e-09,0.0538875281461064,-0.0657846969667703,0.13180160674307,0.60632473416578,2.44062010563053e-10,3.21677651371545e-11,-0.00431106858423306,0.0562032783955591,0.99646741182828,"moderate",FALSE,"dflmx_20260403T201028Z_propagate","2026-04-03T20:10:28Z","config_dflmx_poverty_outcomes","econark-r/dflmx-R/config_dflmx_poverty_outcomes.R","propagate"
188,"household_networth","wealth_share_gap_top10_bottom50","F2",2,-3.15724686134103e-11,0.040818196486757,-4.3026557181195e-11,0.341899516940913,0.963368168095163,0.757428440395392,0.876611620732297,-4.14504155710896e-11,-3.13957236197513e-11,0.994401926696858,0.341899516940913,0.99646741182828,"weak",FALSE,"dflmx_20260403T201028Z_propagate","2026-04-03T20:10:28Z","config_dflmx_poverty_outcomes","econark-r/dflmx-R/config_dflmx_poverty_outcomes.R","propagate"
189,"home_equity","wealth_share_gap_top1_bottom50","F2",2,-5.87682753170378e-11,0.788369082088936,-9.98794476225954e-11,0.408093939834797,0.603695758981002,0.504178247595831,0.895771475202385,-6.02967989391259e-11,-3.04003344247667e-11,0.517291587353308,0.788369082088936,0.99646741182828,"weak",FALSE,"dflmx_20260403T201028Z_propagate","2026-04-03T20:10:28Z","config_dflmx_poverty_outcomes","econark-r/dflmx-R/config_dflmx_poverty_outcomes.R","propagate"
190,"household_networth","wealth_share_gap_top1_bottom50","F2",4,6.55912080404378e-11,0.0422300419832876,-8.08284201225918e-11,0.213226854896667,0.603695758981002,0.504178247595831,0.895771475202385,-4.87957744331433e-11,-2.46017680437837e-11,-0.375077221151597,0.213226854896667,0.99646741182828,"weak",FALSE,"dflmx_20260403T201028Z_propagate","2026-04-03T20:10:28Z","config_dflmx_poverty_outcomes","econark-r/dflmx-R/config_dflmx_poverty_outcomes.R","propagate"
191,"home_equity","wealth_share_gap_top10_bottom50","F1",8,1.60718720759335e-10,0.664135221899033,3.2567832248462e-10,0.0793729769835364,0.308525144482678,0.242571559604608,0.876611620732297,1.00479951499444e-10,2.43735785442154e-11,0.15165363704402,0.664135221899033,0.99646741182828,"weak",FALSE,"dflmx_20260403T201028Z_propagate","2026-04-03T20:10:28Z","config_dflmx_poverty_outcomes","econark-r/dflmx-R/config_dflmx_poverty_outcomes.R","propagate"
192,"transfer_composite","gini_households_q","F1",2,9.88156467708069e-09,4.24828691041706e-08,-9.68442833674158e-09,0.981505438835065,0.00339869789489088,0.695126626329206,0.866419798484885,-3.29144462013052e-11,-2.28797079454074e-11,-0.00231539322901712,0.981505438835065,0.99646741182828,"weak",FALSE,"dflmx_20260403T201028Z_propagate","2026-04-03T20:10:28Z","config_dflmx_poverty_outcomes","econark-r/dflmx-R/config_dflmx_poverty_outcomes.R","propagate"
193,"household_networth","wealth_share_gap_top1_bottom50","F1",4,6.55912080404378e-11,0.0422300419832876,6.44299814766655e-11,0.0111700409248568,0.593689812212756,0.495821752404169,0.895771475202385,3.82514236037528e-11,1.89658878831669e-11,0.28915289792306,0.0422300419832876,0.99646741182828,"strong",FALSE,"dflmx_20260403T201028Z_propagate","2026-04-03T20:10:28Z","config_dflmx_poverty_outcomes","econark-r/dflmx-R/config_dflmx_poverty_outcomes.R","propagate"
194,"household_networth","wealth_share_gap_top1_bottom50","F1",8,2.88471385413517e-11,0.44607516126129,6.1849438379855e-11,0.121330790211469,0.593689812212756,0.495821752404169,0.895771475202385,3.67193814572005e-11,1.82062680613063e-11,0.631129081839713,0.44607516126129,0.99646741182828,"weak",FALSE,"dflmx_20260403T201028Z_propagate","2026-04-03T20:10:28Z","config_dflmx_poverty_outcomes","econark-r/dflmx-R/config_dflmx_poverty_outcomes.R","propagate"
195,"credit_composite","poverty_all_q","F1",2,-2.10939048929093e-09,0.466372695632906,-2.09287006676755e-09,0.259232255804665,-0.0657846969667703,0.13180160674307,0.60632473416578,1.37678823133128e-10,1.81462901034412e-11,-0.00860262250899834,0.466372695632906,0.99646741182828,"weak",FALSE,"dflmx_20260403T201028Z_propagate","2026-04-03T20:10:28Z","config_dflmx_poverty_outcomes","econark-r/dflmx-R/config_dflmx_poverty_outcomes.R","propagate"
196,"revolving_credit","poverty_all_q","F1",2,-4.08135278086229e-09,0.0259657089022917,-1.99705559094069e-09,0.250547048865798,-0.0657846969667703,0.13180160674307,0.60632473416578,1.31375696875828e-10,1.73155279352246e-11,-0.0042425952533234,0.250547048865798,0.99646741182828,"weak",FALSE,"dflmx_20260403T201028Z_propagate","2026-04-03T20:10:28Z","config_dflmx_poverty_outcomes","econark-r/dflmx-R/config_dflmx_poverty_outcomes.R","propagate"
197,"credit_composite","poverty_all_q","F1",8,-1.87083791011082e-09,0.826746727669848,-1.71955804527611e-09,0.646943760761074,-0.0657846969667703,0.13180160674307,0.60632473416578,1.13120604925261e-10,1.49094774848974e-11,-0.00796941167608381,0.826746727669848,0.99646741182828,"weak",FALSE,"dflmx_20260403T201028Z_propagate","2026-04-03T20:10:28Z","config_dflmx_poverty_outcomes","econark-r/dflmx-R/config_dflmx_poverty_outcomes.R","propagate"
198,"household_networth","wealth_share_gap_top1_bottom50","F2",2,1.09709592250939e-10,6.59525699794452e-05,-4.3026557181195e-11,0.341899516940913,0.603695758981002,0.504178247595831,0.895771475202385,-2.5974950093841e-11,-1.30960048197019e-11,-0.119369733776309,0.341899516940913,0.99646741182828,"weak",FALSE,"dflmx_20260403T201028Z_propagate","2026-04-03T20:10:28Z","config_dflmx_poverty_outcomes","econark-r/dflmx-R/config_dflmx_poverty_outcomes.R","propagate"
199,"home_equity","wealth_share_gap_top10_bottom50","F1",4,-1.32171329519278e-10,0.402913086066095,1.70483109491778e-10,0.155306478847285,0.308525144482678,0.242571559604608,0.876611620732297,5.2598325987807e-11,1.27588579674539e-11,-0.0965327201735758,0.402913086066095,0.99646741182828,"weak",FALSE,"dflmx_20260403T201028Z_propagate","2026-04-03T20:10:28Z","config_dflmx_poverty_outcomes","econark-r/dflmx-R/config_dflmx_poverty_outcomes.R","propagate"
200,"home_equity","wealth_share_gap_top10_bottom50","F1",2,-1.43697588281025e-10,0.155780057158882,1.45175669993385e-10,0.0727760529229738,0.308525144482678,0.242571559604608,0.876611620732297,4.47903445600786e-11,1.0864863735166e-11,-0.0756092281376217,0.155780057158882,0.99646741182828,"weak",FALSE,"dflmx_20260403T201028Z_propagate","2026-04-03T20:10:28Z","config_dflmx_poverty_outcomes","econark-r/dflmx-R/config_dflmx_poverty_outcomes.R","propagate"
201,"household_networth","wealth_share_gap_top1_bottom50","F1",2,1.09709592250939e-10,6.59525699794452e-05,3.12836650153981e-11,0.053597194204682,0.593689812212756,0.495821752404169,0.895771475202385,1.85727932083184e-11,9.20879487558869e-12,0.0839379190702434,0.053597194204682,0.99646741182828,"moderate",FALSE,"dflmx_20260403T201028Z_propagate","2026-04-03T20:10:28Z","config_dflmx_poverty_outcomes","econark-r/dflmx-R/config_dflmx_poverty_outcomes.R","propagate"
202,"revolving_credit","poverty_all_q","F1",8,-5.83030965079254e-09,0.321511223940469,8.38402151680134e-10,0.753954041722519,-0.0657846969667703,0.13180160674307,0.60632473416578,-5.51540314845658e-11,-7.26938996802365e-12,0.00124682742485821,0.753954041722519,0.99646741182828,"weak",FALSE,"dflmx_20260403T201028Z_propagate","2026-04-03T20:10:28Z","config_dflmx_poverty_outcomes","econark-r/dflmx-R/config_dflmx_poverty_outcomes.R","propagate"
203,"household_networth","wealth_share_gap_top10_bottom50","F1",8,-8.45157914950412e-11,0.0555945054448362,6.1849438379855e-11,0.121330790211469,0.308525144482678,0.242571559604608,0.876611620732297,1.90821069123172e-11,4.62877643426266e-12,-0.0547681841746018,0.121330790211469,0.99646741182828,"weak",FALSE,"dflmx_20260403T201028Z_propagate","2026-04-03T20:10:28Z","config_dflmx_poverty_outcomes","econark-r/dflmx-R/config_dflmx_poverty_outcomes.R","propagate"
204,"household_networth","wealth_share_gap_top10_bottom50","F1",2,-3.15724686134103e-11,0.040818196486757,3.12836650153981e-11,0.053597194204682,0.308525144482678,0.242571559604608,0.876611620732297,9.65179726882338e-12,2.34125151648598e-12,-0.0741548450060552,0.053597194204682,0.99646741182828,"moderate",FALSE,"dflmx_20260403T201028Z_propagate","2026-04-03T20:10:28Z","config_dflmx_poverty_outcomes","econark-r/dflmx-R/config_dflmx_poverty_outcomes.R","propagate"
205,"household_networth","gini_households_q","F1",4,1.88340735302981e-13,0.207410381549297,6.44299814766655e-11,0.0111700409248568,0.00339869789489088,0.695126626329206,0.866419798484885,2.18978042412601e-13,1.52217467862445e-13,NA,0.207410381549297,0.99646741182828,"weak",FALSE,"dflmx_20260403T201028Z_propagate","2026-04-03T20:10:28Z","config_dflmx_poverty_outcomes","econark-r/dflmx-R/config_dflmx_poverty_outcomes.R","propagate"
206,"household_networth","gini_households_q","F1",8,-5.75354342148441e-15,0.973154335396633,6.1849438379855e-11,0.121330790211469,0.00339869789489088,0.695126626329206,0.866419798484885,2.10207556021796e-13,1.46120869246339e-13,NA,0.973154335396633,0.99646741182828,"weak",FALSE,"dflmx_20260403T201028Z_propagate","2026-04-03T20:10:28Z","config_dflmx_poverty_outcomes","econark-r/dflmx-R/config_dflmx_poverty_outcomes.R","propagate"
207,"household_networth","gini_households_q","F1",2,1.29157459533428e-13,0.139842443543884,3.12836650153981e-11,0.053597194204682,0.00339869789489088,0.695126626329206,0.866419798484885,1.06323726432305e-13,7.39084532536374e-14,NA,0.139842443543884,0.99646741182828,"weak",FALSE,"dflmx_20260403T201028Z_propagate","2026-04-03T20:10:28Z","config_dflmx_poverty_outcomes","econark-r/dflmx-R/config_dflmx_poverty_outcomes.R","propagate"
208,"household_networth","gini_households_q","F2",8,-5.75354342148441e-15,0.973154335396633,-1.23121612082352e-10,0.269605658280625,0.00149062408783703,0.304873373670794,0.866419798484885,-1.83528040703281e-13,-5.59528129324e-14,NA,0.973154335396633,0.99646741182828,"weak",FALSE,"dflmx_20260403T201028Z_propagate","2026-04-03T20:10:28Z","config_dflmx_poverty_outcomes","econark-r/dflmx-R/config_dflmx_poverty_outcomes.R","propagate"
209,"household_networth","gini_households_q","F2",4,1.88340735302981e-13,0.207410381549297,-8.08284201225918e-11,0.213226854896667,0.00149062408783703,0.304873373670794,0.866419798484885,-1.20484790016547e-13,-3.67326044083619e-14,NA,0.213226854896667,0.99646741182828,"weak",FALSE,"dflmx_20260403T201028Z_propagate","2026-04-03T20:10:28Z","config_dflmx_poverty_outcomes","econark-r/dflmx-R/config_dflmx_poverty_outcomes.R","propagate"
210,"household_networth","gini_households_q","F2",2,1.29157459533428e-13,0.139842443543884,-4.3026557181195e-11,0.341899516940913,0.00149062408783703,0.304873373670794,0.866419798484885,-6.41364225509868e-14,-1.9553487518295e-14,NA,0.341899516940913,0.99646741182828,"weak",FALSE,"dflmx_20260403T201028Z_propagate","2026-04-03T20:10:28Z","config_dflmx_poverty_outcomes","econark-r/dflmx-R/config_dflmx_poverty_outcomes.R","propagate"
