"dependent","horizon","n_obs","beta","se","p_value","ci_low","ci_high","r2","treatment","outcome","dependent_kind","provenance_run_id","provenance_run_timestamp_utc","provenance_config_id","provenance_config_path","provenance_stage_id","q_value","priority","robust","rank_source","shock_sd","beta_1sd_shock","se_1sd_shock","ci_low_1sd_shock","ci_high_1sd_shock"
"qend__gini_households_q",4,137,1.65271659654922e-08,2.18848312685905e-09,6.51001222084906e-12,1.22377390368484e-08,2.08165928941359e-08,0.865275372313606,"transfer_composite","gini_households_q","outcome","dflmx_20260403T201028Z_propagate","2026-04-03T20:10:28Z","config_dflmx_poverty_outcomes","econark-r/dflmx-R/config_dflmx_poverty_outcomes.R","propagate",6.83551283189151e-10,"strong",TRUE,"outcome",91677.2867198561,0.00151516573288508,0.000200634195102624,0.00112192271048393,0.00190840875528622
"qend__poverty_all_q",4,137,1.94463299768093e-06,3.06561336275569e-07,3.36741108810146e-09,1.34377277858081e-06,2.54549321678105e-06,0.826382145624947,"transfer_composite","poverty_all_q","outcome","dflmx_20260403T201028Z_propagate","2026-04-03T20:10:28Z","config_dflmx_poverty_outcomes","econark-r/dflmx-R/config_dflmx_poverty_outcomes.R","propagate",1.76789082125327e-07,"strong",TRUE,"outcome",91677.2867198561,0.178278676893288,0.0281047115229576,0.123193442308291,0.233363911478285
"qend__poverty_child_q",4,137,3.41941254589341e-06,5.66712062286966e-07,1.53784654931706e-08,2.30865690381095e-06,4.53016818797586e-06,0.871444207596058,"transfer_composite","poverty_child_q","outcome","dflmx_20260403T201028Z_propagate","2026-04-03T20:10:28Z","config_dflmx_poverty_outcomes","econark-r/dflmx-R/config_dflmx_poverty_outcomes.R","propagate",5.38246292260971e-07,"strong",TRUE,"outcome",91677.2867198561,0.313482464383343,0.0519546242218831,0.211651400908452,0.415313527858234
"qend__gini_households_q",2,139,9.88156467708069e-09,1.69885292182346e-09,4.24828691041706e-08,6.55181295030671e-09,1.32113164038547e-08,0.956915365726201,"transfer_composite","gini_households_q","outcome","dflmx_20260403T201028Z_propagate","2026-04-03T20:10:28Z","config_dflmx_poverty_outcomes","econark-r/dflmx-R/config_dflmx_poverty_outcomes.R","propagate",1.11517531398448e-06,"strong",TRUE,"outcome",91677.2867198561,0.000905915038141529,0.000155746226408875,0.000600652434380135,0.00121117764190293
"qend__poverty_all_q",2,139,1.12062632637146e-06,2.14388896797793e-07,6.50143969364507e-07,7.00424088647783e-07,1.54082856409513e-06,0.929875513745829,"transfer_composite","poverty_all_q","outcome","dflmx_20260403T201028Z_propagate","2026-04-03T20:10:28Z","config_dflmx_poverty_outcomes","econark-r/dflmx-R/config_dflmx_poverty_outcomes.R","propagate",1.36530233566546e-05,"strong",TRUE,"outcome",91677.2867198561,0.102735981028575,0.0196545923612849,0.0642129800004567,0.141258982056693
"qend__poverty_child_q",2,139,1.96448064464099e-06,4.10881491707341e-07,4.553986187813e-06,1.1591529208946e-06,2.76980836838738e-06,0.95147104994832,"transfer_composite","poverty_child_q","outcome","dflmx_20260403T201028Z_propagate","2026-04-03T20:10:28Z","config_dflmx_poverty_outcomes","econark-r/dflmx-R/config_dflmx_poverty_outcomes.R","propagate",7.96947582867275e-05,"strong",TRUE,"outcome",91677.2867198561,0.18009825531436,0.0376685003231361,0.106267994681013,0.253928515947707
"qend__wealth_share_gap_top1_bottom50",2,139,2.06443990217345e-06,5.00580324332083e-07,6.51812817137315e-05,1.08330246648257e-06,3.04557733786434e-06,0.961113749122024,"transfer_composite","wealth_share_gap_top1_bottom50","outcome","dflmx_20260403T201028Z_propagate","2026-04-03T20:10:28Z","config_dflmx_poverty_outcomes","econark-r/dflmx-R/config_dflmx_poverty_outcomes.R","propagate",0.000865627480980218,"strong",TRUE,"outcome",91677.2867198561,0.189262248827467,0.0458918459201109,0.0993142308240499,0.279210266830885
"qend__wealth_share_gap_top1_bottom50",2,139,1.09709592250939e-10,2.66218457070904e-11,6.59525699794452e-05,5.75307746650414e-11,1.61888409836836e-10,0.964520426246874,"household_networth","wealth_share_gap_top1_bottom50","outcome","dflmx_20260403T201028Z_propagate","2026-04-03T20:10:28Z","config_dflmx_poverty_outcomes","econark-r/dflmx-R/config_dflmx_poverty_outcomes.R","propagate",0.000865627480980218,"strong",TRUE,"outcome",1982941501.15701,0.2175477035494,0.052789562689988,0.114080160677023,0.321015246421776
"qend__wealth_share_gap_top1_bottom50",4,137,2.24970939782917e-06,5.83450436710765e-07,0.000179943555654677,1.10614654187607e-06,3.39327225378227e-06,0.926376629717418,"transfer_composite","wealth_share_gap_top1_bottom50","outcome","dflmx_20260403T201028Z_propagate","2026-04-03T20:10:28Z","config_dflmx_poverty_outcomes","econark-r/dflmx-R/config_dflmx_poverty_outcomes.R","propagate",0.0020993414826379,"strong",TRUE,"outcome",91677.2867198561,0.20624725350114,0.0534891529731581,0.10140851367375,0.31108599332853
"qend__gini_households_q",8,133,1.10917747235986e-08,2.97290278507517e-09,0.000286407258513702,5.26488526485131e-09,1.6918664182346e-08,0.790896535448532,"transfer_composite","gini_households_q","outcome","dflmx_20260403T201028Z_propagate","2026-04-03T20:10:28Z","config_dflmx_poverty_outcomes","econark-r/dflmx-R/config_dflmx_poverty_outcomes.R","propagate",0.00300727621439387,"strong",TRUE,"outcome",91677.2867198561,0.0010168638115674,0.000272547661017595,0.000482670395972919,0.00155105722716189
"qend__median_real_income_fred_q",8,133,-0.00514925208371746,0.0016011537239398,0.00164916625469235,-0.00828751338263947,-0.00201099078479546,0.803946941247167,"transfer_composite","median_real_income_fred_q","outcome","dflmx_20260403T201028Z_propagate","2026-04-03T20:10:28Z","config_dflmx_poverty_outcomes","econark-r/dflmx-R/config_dflmx_poverty_outcomes.R","propagate",0.0157420415220633,"strong",TRUE,"outcome",91677.2867198561,-472.069459671782,146.789429032194,-759.776740574883,-184.362178768682
"qend__poverty_all_q",8,133,1.8082243168973e-06,7.36055543685653e-07,0.0153748252916479,3.65555451273419e-07,3.25089318252118e-06,0.559993884829675,"transfer_composite","poverty_all_q","outcome","dflmx_20260403T201028Z_propagate","2026-04-03T20:10:28Z","config_dflmx_poverty_outcomes","econark-r/dflmx-R/config_dflmx_poverty_outcomes.R","propagate",0.134529721301919,"strong",FALSE,"outcome",91677.2867198561,0.16577309915401,0.0674795751202092,0.0335131319183996,0.29803306638962
"qend__gini_households_q",2,139,5.42920399389045e-08,2.2819316368489e-08,0.0187703941208803,9.56617985666601e-09,9.90179000211431e-08,0.955222933370193,"ui_benefits","gini_households_q","outcome","dflmx_20260403T201028Z_propagate","2026-04-03T20:10:28Z","config_dflmx_poverty_outcomes","econark-r/dflmx-R/config_dflmx_poverty_outcomes.R","propagate",0.151607029437879,"strong",FALSE,"outcome",7857.55698964769,0.000426602797904171,0.000179304078830203,7.5166803396973e-05,0.000778038792411369
"qend__wealth_share_gap_top10_bottom50",4,137,-5.94527626573464e-11,2.54137580828223e-11,0.0208274418667397,-1.09263728499678e-10,-9.64179681501475e-12,0.941553504835294,"household_networth","wealth_share_gap_top10_bottom50","outcome","dflmx_20260403T201028Z_propagate","2026-04-03T20:10:28Z","config_dflmx_poverty_outcomes","econark-r/dflmx-R/config_dflmx_poverty_outcomes.R","propagate",0.156205814000548,"strong",FALSE,"outcome",1982941501.15701,-0.11789135043169,0.0503939956027926,-0.216663581813163,-0.0191191190502162
"qend__poverty_all_q",2,139,-4.08135278086229e-09,1.81237630686773e-09,0.0259657089022917,-7.63361034232305e-09,-5.2909521940153e-10,0.927357890295737,"revolving_credit","poverty_all_q","outcome","dflmx_20260403T201028Z_propagate","2026-04-03T20:10:28Z","config_dflmx_poverty_outcomes","econark-r/dflmx-R/config_dflmx_poverty_outcomes.R","propagate",0.181759962316042,"strong",FALSE,"outcome",10938172.2208226,-0.0446425396110048,0.0198240841734576,-0.0834977445909818,-0.00578733463102783
"qend__gini_households_q",4,137,8.67268656206855e-08,3.90735992662137e-08,0.0281676183075565,1.01426110589067e-08,1.63311120182464e-07,0.858993624380512,"ui_benefits","gini_households_q","outcome","dflmx_20260403T201028Z_propagate","2026-04-03T20:10:28Z","config_dflmx_poverty_outcomes","econark-r/dflmx-R/config_dflmx_poverty_outcomes.R","propagate",0.18484999514334,"strong",FALSE,"outcome",7857.55698964769,0.000681461289148053,0.00030702303302493,7.96961444191903e-05,0.00128322643387691
"qend__poverty_child_q",8,133,3.09238232640632e-06,1.41417748623197e-06,0.0305966375221101,3.20594453391653e-07,5.86417019942098e-06,0.65008020949884,"transfer_composite","poverty_child_q","outcome","dflmx_20260403T201028Z_propagate","2026-04-03T20:10:28Z","config_dflmx_poverty_outcomes","econark-r/dflmx-R/config_dflmx_poverty_outcomes.R","propagate",0.188979231754209,"strong",FALSE,"outcome",91677.2867198561,0.283501221185368,0.129647954878054,0.0293912296243821,0.537611212746353
"qend__poverty_all_q",4,137,9.84587991941564e-06,4.62959187393614e-06,0.0353177032879282,7.71879846500815e-07,1.89198799923305e-05,0.817655165230761,"ui_benefits","poverty_all_q","outcome","dflmx_20260403T201028Z_propagate","2026-04-03T20:10:28Z","config_dflmx_poverty_outcomes","econark-r/dflmx-R/config_dflmx_poverty_outcomes.R","propagate",0.206019935846248,"strong",FALSE,"outcome",7857.55698964769,0.0773645625800362,0.0363772819882631,0.00606508988304066,0.148664035277032
"qend__wealth_share_gap_top10_bottom50",2,139,-3.15724686134103e-11,1.52856881457871e-11,0.040818196486757,-6.1532417379153e-11,-1.6125198476676e-12,0.975007723202128,"household_networth","wealth_share_gap_top10_bottom50","outcome","dflmx_20260403T201028Z_propagate","2026-04-03T20:10:28Z","config_dflmx_poverty_outcomes","econark-r/dflmx-R/config_dflmx_poverty_outcomes.R","propagate",0.22170772041226,"strong",FALSE,"outcome",1982941501.15701,-0.0626063583075083,0.0303106253980249,-0.122015184087637,-0.00319753252737946
"qend__wealth_share_gap_top1_bottom50",4,137,6.55912080404378e-11,3.19753114586177e-11,0.0422300419832876,2.91959758154715e-12,1.28262818499328e-10,0.92982063677862,"household_networth","wealth_share_gap_top1_bottom50","outcome","dflmx_20260403T201028Z_propagate","2026-04-03T20:10:28Z","config_dflmx_poverty_outcomes","econark-r/dflmx-R/config_dflmx_poverty_outcomes.R","propagate",0.22170772041226,"strong",FALSE,"outcome",1982941501.15701,0.130063528534407,0.0634051721037142,0.00578939121112747,0.254337665857686
"qend__wealth_share_gap_top10_bottom50",8,133,-8.45157914950412e-11,4.37466793176578e-11,0.0555945054448362,-1.70259282957651e-10,1.22769996756814e-12,0.832236799862569,"household_networth","wealth_share_gap_top10_bottom50","outcome","dflmx_20260403T201028Z_propagate","2026-04-03T20:10:28Z","config_dflmx_poverty_outcomes","econark-r/dflmx-R/config_dflmx_poverty_outcomes.R","propagate",0.255128300107386,"moderate",FALSE,"outcome",1982941501.15701,-0.16758987045865,0.0867471059567905,-0.33761419813396,0.00243445721665998
"qend__poverty_all_q",4,137,-7.46166861153686e-09,3.87310239000938e-09,0.0562032783955591,-1.50529492959553e-08,1.29612072881528e-10,0.818090809023856,"revolving_credit","poverty_all_q","outcome","dflmx_20260403T201028Z_propagate","2026-04-03T20:10:28Z","config_dflmx_poverty_outcomes","econark-r/dflmx-R/config_dflmx_poverty_outcomes.R","propagate",0.255128300107386,"moderate",FALSE,"outcome",10938172.2208226,-0.0816170163276961,0.0423646609708021,-0.164651751830469,0.00141771917507596
"qend__poverty_all_q",4,137,2.52270029901919e-05,1.32539946883244e-05,0.059188650045312,-7.50826598923964e-07,5.12048325793077e-05,0.821716819604704,"snap_persons","poverty_all_q","outcome","dflmx_20260403T201028Z_propagate","2026-04-03T20:10:28Z","config_dflmx_poverty_outcomes","econark-r/dflmx-R/config_dflmx_poverty_outcomes.R","propagate",0.255128300107386,"moderate",FALSE,"outcome",4132.89132339986,0.104260461773547,0.0547773196477638,-0.00310308473607068,0.211624008283163
"qend__poverty_child_q",2,139,-5.77790904093109e-09,3.04940648559323e-09,0.0602942819005574,-1.17547457526938e-08,1.98927670831639e-10,0.948122416361306,"revolving_credit","poverty_child_q","outcome","dflmx_20260403T201028Z_propagate","2026-04-03T20:10:28Z","config_dflmx_poverty_outcomes","econark-r/dflmx-R/config_dflmx_poverty_outcomes.R","propagate",0.255128300107386,"moderate",FALSE,"outcome",10938172.2208226,-0.063199764165952,0.033354933310712,-0.128575433454947,0.00217590512304357
"qend__median_real_income_fred_q",2,139,867.857582782774,458.842706418151,0.0607448333589015,-31.4741217968017,1767.18928736235,0.960812623293335,"fed_funds","median_real_income_fred_q","outcome","dflmx_20260403T201028Z_propagate","2026-04-03T20:10:28Z","config_dflmx_poverty_outcomes","econark-r/dflmx-R/config_dflmx_poverty_outcomes.R","propagate",0.255128300107386,"moderate",FALSE,"outcome",0.323960690840969,281.151742069881,148.647000158564,-10.1963782409047,572.499862380667
"qend__poverty_all_q",2,139,1.39712909174533e-05,7.69898159850503e-06,0.0718245806514518,-1.11871301561659e-06,2.90612948505231e-05,0.927672349918138,"snap_persons","poverty_all_q","outcome","dflmx_20260403T201028Z_propagate","2026-04-03T20:10:28Z","config_dflmx_poverty_outcomes","econark-r/dflmx-R/config_dflmx_poverty_outcomes.R","propagate",0.290060806477017,"moderate",FALSE,"outcome",4132.89132339986,0.057741827009438,0.0318190542474766,-0.0046235193156163,0.120107173334492
"qend__poverty_all_q",2,139,5.17664072341427e-06,2.9549761173862e-06,0.082106521074128,-6.15112466662684e-07,1.09683939134912e-05,0.927179292748544,"ui_benefits","poverty_all_q","outcome","dflmx_20260403T201028Z_propagate","2026-04-03T20:10:28Z","config_dflmx_poverty_outcomes","econark-r/dflmx-R/config_dflmx_poverty_outcomes.R","propagate",0.319303137510498,"moderate",FALSE,"outcome",7857.55698964769,0.0406757494991587,0.0232188932454099,-0.0048332812618448,0.086184780260162
"qend__median_real_income_fred_q",2,139,0.00186631143326168,0.00109671376022787,0.0911423512487429,-0.000283247536784943,0.0040158704033083,0.958953827950908,"transfer_composite","median_real_income_fred_q","outcome","dflmx_20260403T201028Z_propagate","2026-04-03T20:10:28Z","config_dflmx_poverty_outcomes","econark-r/dflmx-R/config_dflmx_poverty_outcomes.R","propagate",0.341783817182786,"moderate",FALSE,"outcome",91677.2867198561,171.098368375677,100.543741846022,-25.9673656425262,368.164102393879
"qend__wealth_share_gap_top10_bottom50",8,133,-2.15640599349187e-06,1.31548821354387e-06,0.103637374698965,-4.73476289203785e-06,4.21950905054114e-07,0.830915802097008,"transfer_composite","wealth_share_gap_top10_bottom50","outcome","dflmx_20260403T201028Z_propagate","2026-04-03T20:10:28Z","config_dflmx_poverty_outcomes","econark-r/dflmx-R/config_dflmx_poverty_outcomes.R","propagate",0.368272730820176,"weak",FALSE,"outcome",91677.2867198561,-0.19769345054977,0.120600390129653,-0.434070215203889,0.0386833141043488
"qend__median_real_income_fred_q",4,137,1184.41739014992,726.040390998808,0.105220780234336,-238.621776207739,2607.45655650759,0.893885943982435,"fed_funds","median_real_income_fred_q","outcome","dflmx_20260403T201028Z_propagate","2026-04-03T20:10:28Z","config_dflmx_poverty_outcomes","econark-r/dflmx-R/config_dflmx_poverty_outcomes.R","propagate",0.368272730820176,"weak",FALSE,"outcome",0.323960690840969,383.704675957026,235.208546646421,-77.3040754699582,844.713427384013
"qend__poverty_child_q",4,137,-1.07292501264689e-08,6.7114275608499e-09,0.112306721426745,-2.38836481457347e-08,2.42514789279686e-09,0.861351136639854,"revolving_credit","poverty_child_q","outcome","dflmx_20260403T201028Z_propagate","2026-04-03T20:10:28Z","config_dflmx_poverty_outcomes","econark-r/dflmx-R/config_dflmx_poverty_outcomes.R","propagate",0.380393733864781,"weak",FALSE,"outcome",10938172.2208226,-0.117358385683599,0.0734107505081513,-0.261243456679576,0.026526685312377
"qend__poverty_child_q",4,137,3.33163067510693e-05,2.14969180132108e-05,0.123597784893403,-8.81765255482386e-06,7.54502660569625e-05,0.862708020302517,"snap_persons","poverty_child_q","outcome","dflmx_20260403T201028Z_propagate","2026-04-03T20:10:28Z","config_dflmx_poverty_outcomes","econark-r/dflmx-R/config_dflmx_poverty_outcomes.R","propagate",0.403313948494571,"weak",FALSE,"outcome",4132.89132339986,0.137692675099223,0.0888444259366371,-0.0364423997365862,0.311827749935031
"qend__poverty_child_q",4,137,1.30998141756821e-05,8.60803822841443e-06,0.130466449688122,-3.77194075201016e-06,2.99715691033744e-05,0.860037564985243,"ui_benefits","poverty_child_q","outcome","dflmx_20260403T201028Z_propagate","2026-04-03T20:10:28Z","config_dflmx_poverty_outcomes","econark-r/dflmx-R/config_dflmx_poverty_outcomes.R","propagate",0.403313948494571,"weak",FALSE,"outcome",7857.55698964769,0.102932536439217,0.0676381509488323,-0.0296382394204944,0.235503312298928
"qend__poverty_child_q",2,139,1.83921213912766e-05,1.20909566781637e-05,0.130596897607766,-5.3061536979243e-06,4.20903964804774e-05,0.948047787740254,"snap_persons","poverty_child_q","outcome","dflmx_20260403T201028Z_propagate","2026-04-03T20:10:28Z","config_dflmx_poverty_outcomes","econark-r/dflmx-R/config_dflmx_poverty_outcomes.R","propagate",0.403313948494571,"weak",FALSE,"outcome",4132.89132339986,0.0760126389169241,0.0499706099467864,-0.0219297565787774,0.173955034412625
"qend__poverty_all_q",8,133,2.9182499082195e-05,1.96302066114981e-05,0.139595750702279,-9.2927058763413e-06,6.76577040407313e-05,0.557441112024026,"snap_persons","poverty_all_q","outcome","dflmx_20260403T201028Z_propagate","2026-04-03T20:10:28Z","config_dflmx_poverty_outcomes","econark-r/dflmx-R/config_dflmx_poverty_outcomes.R","propagate",0.407873793669662,"weak",FALSE,"outcome",4132.89132339986,0.120608097251928,0.0811295105812071,-0.0384057434872379,0.279621937991094
"qend__gini_households_q",2,139,1.29157459533428e-13,8.69597329982526e-14,0.139842443543884,-4.12836171431471e-14,2.99598536210003e-13,0.954491504236801,"household_networth","gini_households_q","outcome","dflmx_20260403T201028Z_propagate","2026-04-03T20:10:28Z","config_dflmx_poverty_outcomes","econark-r/dflmx-R/config_dflmx_poverty_outcomes.R","propagate",0.407873793669662,"weak",FALSE,"outcome",1982941501.15701,0.000256111686692841,0.000172436063491767,-8.18629977510232e-05,0.000594086371136705
"qend__wealth_share_gap_top10_bottom50",2,139,-1.43697588281025e-10,1.00663935723009e-10,0.155780057158882,-3.40998902298122e-10,5.36037257360719e-11,0.973693364441394,"home_equity","wealth_share_gap_top10_bottom50","outcome","dflmx_20260403T201028Z_propagate","2026-04-03T20:10:28Z","config_dflmx_poverty_outcomes","econark-r/dflmx-R/config_dflmx_poverty_outcomes.R","propagate",0.442078540586016,"weak",FALSE,"outcome",426250571.191566,-0.0612511790836374,0.0429080601003237,-0.145350976880272,0.0228486187129967
"qend__poverty_child_q",2,139,7.19199405965614e-06,5.12231642744471e-06,0.162634438041041,-2.84774613813549e-06,1.72317342574478e-05,0.947745247861254,"ui_benefits","poverty_child_q","outcome","dflmx_20260403T201028Z_propagate","2026-04-03T20:10:28Z","config_dflmx_poverty_outcomes","econark-r/dflmx-R/config_dflmx_poverty_outcomes.R","propagate",0.449384631429192,"weak",FALSE,"outcome",7857.55698964769,0.0565115031929558,0.0402488932476554,-0.0223763275724487,0.135399333958361
"qend__poverty_child_q",8,133,4.10147626412373e-05,3.00943327214849e-05,0.175334075790951,-1.79701294928731e-05,9.99996547753477e-05,0.645238600469455,"snap_persons","poverty_child_q","outcome","dflmx_20260403T201028Z_propagate","2026-04-03T20:10:28Z","config_dflmx_poverty_outcomes","econark-r/dflmx-R/config_dflmx_poverty_outcomes.R","propagate",0.472053280975637,"weak",FALSE,"outcome",4132.89132339986,0.169509556651274,0.124376606588134,-0.0742685922614672,0.413287705564016
"qend__gini_households_q",4,137,1.88340735302981e-13,1.48653310496664e-13,0.207410381549297,-1.03019753270479e-13,4.79701223876442e-13,0.857913810421008,"household_networth","gini_households_q","outcome","dflmx_20260403T201028Z_propagate","2026-04-03T20:10:28Z","config_dflmx_poverty_outcomes","econark-r/dflmx-R/config_dflmx_poverty_outcomes.R","propagate",0.544040340508724,"weak",FALSE,"outcome",1982941501.15701,0.000373468660390708,0.000294770818668213,-0.000204282144198988,0.000951219464980405
"qend__poverty_child_q",8,133,-0.519668734221339,0.41467300214845,0.212434799627216,-1.3324278184323,0.293090349989623,0.657071397627596,"fed_funds","poverty_child_q","outcome","dflmx_20260403T201028Z_propagate","2026-04-03T20:10:28Z","config_dflmx_poverty_outcomes","econark-r/dflmx-R/config_dflmx_poverty_outcomes.R","propagate",0.544040340508724,"weak",FALSE,"outcome",0.323960690840969,-0.168352242146797,0.13433775224911,-0.431654236555053,0.0949497522614597
"qend__poverty_all_q",4,137,-5.56310107399777e-09,5.2496254894281e-09,0.291224763137239,-1.58523670332769e-08,4.72616488528132e-09,0.815861144005348,"credit_composite","poverty_all_q","outcome","dflmx_20260403T201028Z_propagate","2026-04-03T20:10:28Z","config_dflmx_poverty_outcomes","econark-r/dflmx-R/config_dflmx_poverty_outcomes.R","propagate",0.728061907843098,"weak",FALSE,"outcome",9779962.69423964,-0.0544069209679827,0.0513411414453363,-0.155035558200842,0.0462217162648767
"qend__poverty_all_q",4,137,-0.174130664028859,0.173069200332638,0.316206345168512,-0.513346296680829,0.165084968623111,0.820165940643721,"fed_funds","poverty_all_q","outcome","dflmx_20260403T201028Z_propagate","2026-04-03T20:10:28Z","config_dflmx_poverty_outcomes","econark-r/dflmx-R/config_dflmx_poverty_outcomes.R","propagate",0.767242693494301,"weak",FALSE,"outcome",0.323960690840969,-0.0564114902153858,0.0560676177030555,-0.166304020913374,0.0534810404826027
"qend__poverty_all_q",8,133,-5.83030965079254e-09,5.85818502392421e-09,0.321511223940469,-1.7312352297684e-08,5.65173299609891e-09,0.550472001732899,"revolving_credit","poverty_all_q","outcome","dflmx_20260403T201028Z_propagate","2026-04-03T20:10:28Z","config_dflmx_poverty_outcomes","econark-r/dflmx-R/config_dflmx_poverty_outcomes.R","propagate",0.767242693494301,"weak",FALSE,"outcome",10938172.2208226,-0.0637729310610926,0.0640778366931266,-0.189365490979621,0.0618196288574354
"qend__poverty_child_q",8,133,-8.5683013349775e-09,9.15687495580879e-09,0.351191540387994,-2.65157762483627e-08,9.37917357840773e-09,0.641040747035772,"revolving_credit","poverty_child_q","outcome","dflmx_20260403T201028Z_propagate","2026-04-03T20:10:28Z","config_dflmx_poverty_outcomes","econark-r/dflmx-R/config_dflmx_poverty_outcomes.R","propagate",0.783442111795185,"weak",FALSE,"outcome",10938172.2208226,-0.0937215556418878,0.100159475271174,-0.290034127173388,0.102591015889612
"qend__poverty_all_q",8,133,-0.244765780720299,0.271494773634864,0.369003180384653,-0.776895537044632,0.287363975604035,0.558169736279928,"fed_funds","poverty_all_q","outcome","dflmx_20260403T201028Z_propagate","2026-04-03T20:10:28Z","config_dflmx_poverty_outcomes","econark-r/dflmx-R/config_dflmx_poverty_outcomes.R","propagate",0.783442111795185,"weak",FALSE,"outcome",0.323960690840969,-0.0792944914163772,0.087953634426463,-0.251683614892245,0.0930946320594905
"qend__median_real_income_fred_q",2,139,-8.26986180066317e-06,9.27072511024504e-06,0.373982310310543,-2.64404830167435e-05,9.90075941541712e-06,0.958622197628529,"credit_composite","median_real_income_fred_q","outcome","dflmx_20260403T201028Z_propagate","2026-04-03T20:10:28Z","config_dflmx_poverty_outcomes","econark-r/dflmx-R/config_dflmx_poverty_outcomes.R","propagate",0.783442111795185,"weak",FALSE,"outcome",9779962.69423964,-80.8789398970033,90.6673457267472,-258.586937521428,96.8290577274213
"qend__poverty_child_q",4,137,-0.227507161956099,0.258157678258473,0.379784605983147,-0.733496211342706,0.278481887430509,0.868242997295642,"fed_funds","poverty_child_q","outcome","dflmx_20260403T201028Z_propagate","2026-04-03T20:10:28Z","config_dflmx_poverty_outcomes","econark-r/dflmx-R/config_dflmx_poverty_outcomes.R","propagate",0.783442111795185,"weak",FALSE,"outcome",0.323960690840969,-0.073703377358566,0.0836329397945155,-0.237623939355816,0.0902171846386847
"qend__median_real_income_fred_q",8,133,-0.0312460818803908,0.0358502091368259,0.385085913036216,-0.10151249178857,0.039020328027788,0.802584366032608,"ui_benefits","median_real_income_fred_q","outcome","dflmx_20260403T201028Z_propagate","2026-04-03T20:10:28Z","config_dflmx_poverty_outcomes","econark-r/dflmx-R/config_dflmx_poverty_outcomes.R","propagate",0.783442111795185,"weak",FALSE,"outcome",7857.55698964769,-245.517869078369,281.695061383398,-797.640189389832,306.604451233091
"qend__median_real_income_fred_q",8,133,763.029132826336,886.98077329312,0.391269871596405,-975.453182828179,2501.51144848085,0.801711814229441,"fed_funds","median_real_income_fred_q","outcome","dflmx_20260403T201028Z_propagate","2026-04-03T20:10:28Z","config_dflmx_poverty_outcomes","econark-r/dflmx-R/config_dflmx_poverty_outcomes.R","propagate",0.783442111795185,"weak",FALSE,"outcome",0.323960690840969,247.191445002205,287.346904078696,-316.008486992039,810.391376996449
"qend__poverty_all_q",8,133,7.11598068384924e-06,8.29735028238968e-06,0.392717406139212,-9.14682586963452e-06,2.3378787237333e-05,0.550166364552557,"ui_benefits","poverty_all_q","outcome","dflmx_20260403T201028Z_propagate","2026-04-03T20:10:28Z","config_dflmx_poverty_outcomes","econark-r/dflmx-R/config_dflmx_poverty_outcomes.R","propagate",0.783442111795185,"weak",FALSE,"outcome",7857.55698964769,0.0559142237605775,0.0651969027069463,-0.071871705545037,0.183700153066192
"qend__wealth_share_gap_top10_bottom50",4,137,-9.27175310489576e-07,1.09118099234952e-06,0.397042712647913,-3.06589005549464e-06,1.21153943451549e-06,0.937229714553239,"transfer_composite","wealth_share_gap_top10_bottom50","outcome","dflmx_20260403T201028Z_propagate","2026-04-03T20:10:28Z","config_dflmx_poverty_outcomes","econark-r/dflmx-R/config_dflmx_poverty_outcomes.R","propagate",0.783442111795185,"weak",FALSE,"outcome",91677.2867198561,-0.0850009167793245,0.100036512698884,-0.281072481669138,0.111070648110489
"qend__poverty_child_q",4,137,-7.38424970073326e-09,8.74105948040759e-09,0.399775313771938,-2.45167262823321e-08,9.74822688086562e-09,0.859105501539082,"credit_composite","poverty_child_q","outcome","dflmx_20260403T201028Z_propagate","2026-04-03T20:10:28Z","config_dflmx_poverty_outcomes","econark-r/dflmx-R/config_dflmx_poverty_outcomes.R","propagate",0.783442111795185,"weak",FALSE,"outcome",9779962.69423964,-0.0722176865981215,0.085487235626516,-0.239772668426092,0.0953372952298498
"qend__wealth_share_gap_top10_bottom50",4,137,-1.32171329519278e-10,1.57505944928818e-10,0.402913086066095,-4.4088298157976e-10,1.76540322541205e-10,0.938461891446338,"home_equity","wealth_share_gap_top10_bottom50","outcome","dflmx_20260403T201028Z_propagate","2026-04-03T20:10:28Z","config_dflmx_poverty_outcomes","econark-r/dflmx-R/config_dflmx_poverty_outcomes.R","propagate",0.783442111795185,"weak",FALSE,"outcome",426250571.191566,-0.056338104702741,0.067136998991976,-0.187926622727013,0.0752504133215319
"qend__wealth_share_gap_top1_bottom50",8,133,2.88471385413517e-11,3.77406309494241e-11,0.44607516126129,-4.51244981195195e-11,1.02818775202223e-10,0.861990402517111,"household_networth","wealth_share_gap_top1_bottom50","outcome","dflmx_20260403T201028Z_propagate","2026-04-03T20:10:28Z","config_dflmx_poverty_outcomes","econark-r/dflmx-R/config_dflmx_poverty_outcomes.R","propagate",0.85159803513519,"weak",FALSE,"outcome",1982941501.15701,0.0572021882032721,0.0748374633894636,-0.0894792400400765,0.203883616446621
"qend__wealth_share_gap_top1_bottom50",4,137,-3.73127341282018e-09,5.00601253422904e-09,0.457390337837944,-1.35430579799091e-08,6.08051115426874e-09,0.924023975250554,"credit_composite","wealth_share_gap_top1_bottom50","outcome","dflmx_20260403T201028Z_propagate","2026-04-03T20:10:28Z","config_dflmx_poverty_outcomes","econark-r/dflmx-R/config_dflmx_poverty_outcomes.R","propagate",0.857606883446145,"weak",FALSE,"outcome",9779962.69423964,-0.0364917147793896,0.0489586158316561,-0.132450601809435,0.0594671722506563
"qend__poverty_all_q",2,139,-2.10939048929093e-09,2.88761921643483e-09,0.466372695632906,-7.76912415350319e-09,3.55034317492133e-09,0.926227018313844,"credit_composite","poverty_all_q","outcome","dflmx_20260403T201028Z_propagate","2026-04-03T20:10:28Z","config_dflmx_poverty_outcomes","econark-r/dflmx-R/config_dflmx_poverty_outcomes.R","propagate",0.859107597218511,"weak",FALSE,"outcome",9779962.69423964,-0.0206297602928492,0.0282408082119021,-0.0759817443881773,0.0347222238024789
"qend__poverty_child_q",2,139,-2.95770408690691e-09,4.49204089155343e-09,0.511398671730711,-1.17621042343516e-08,5.84669606053781e-09,0.947245421652984,"credit_composite","poverty_child_q","outcome","dflmx_20260403T201028Z_propagate","2026-04-03T20:10:28Z","config_dflmx_poverty_outcomes","econark-r/dflmx-R/config_dflmx_poverty_outcomes.R","propagate",0.919882115832808,"weak",FALSE,"outcome",9779962.69423964,-0.0289262356305497,0.0439319923403915,-0.115032940617717,0.0571804693566177
"qend__poverty_all_q",2,139,1.85927414870114e-05,2.90002206039669e-05,0.522545269741601,-3.82476908967638e-05,7.54331738707865e-05,0.924431097169739,"social_security","poverty_all_q","outcome","dflmx_20260403T201028Z_propagate","2026-04-03T20:10:28Z","config_dflmx_poverty_outcomes","econark-r/dflmx-R/config_dflmx_poverty_outcomes.R","propagate",0.919882115832808,"weak",FALSE,"outcome",918.684968267605,0.0170808721230029,0.0266420667453089,-0.0351375786978026,0.0692993229438083
"qend__gini_households_q",2,139,1.1944077110568e-07,1.87698920721761e-07,0.525646923333033,-2.48449113508972e-07,4.87330655720333e-07,0.954254298198141,"social_security","gini_households_q","outcome","dflmx_20260403T201028Z_propagate","2026-04-03T20:10:28Z","config_dflmx_poverty_outcomes","econark-r/dflmx-R/config_dflmx_poverty_outcomes.R","propagate",0.919882115832808,"weak",FALSE,"outcome",918.684968267605,0.00010972844101308,0.000172436177027135,-0.000228246465960105,0.000447703347986265
"qend__median_real_income_fred_q",4,137,0.000698189664144637,0.00114790442739496,0.544088191257001,-0.00155170301354948,0.00294808234183876,0.889223322231053,"transfer_composite","median_real_income_fred_q","outcome","dflmx_20260403T201028Z_propagate","2026-04-03T20:10:28Z","config_dflmx_poverty_outcomes","econark-r/dflmx-R/config_dflmx_poverty_outcomes.R","propagate",0.936545247245658,"weak",FALSE,"outcome",91677.2867198561,64.0081340246279,105.23676331728,-142.25592207724,270.272190126497
"qend__poverty_all_q",2,139,-0.058525104189188,0.101545145593787,0.565355645124446,-0.257553589553011,0.140503381174635,0.926970366014081,"fed_funds","poverty_all_q","outcome","dflmx_20260403T201028Z_propagate","2026-04-03T20:10:28Z","config_dflmx_poverty_outcomes","econark-r/dflmx-R/config_dflmx_poverty_outcomes.R","propagate",0.944714460728023,"weak",FALSE,"outcome",0.323960690840969,-0.018959833184669,0.03289663551811,-0.0834372388001648,0.0455175724308268
"qend__wealth_share_gap_top1_bottom50",4,137,-1.13042942042003e-10,1.98703734255163e-10,0.570396747491653,-5.02502261182123e-10,2.76416377098116e-10,0.924765569776578,"home_equity","wealth_share_gap_top1_bottom50","outcome","dflmx_20260403T201028Z_propagate","2026-04-03T20:10:28Z","config_dflmx_poverty_outcomes","econark-r/dflmx-R/config_dflmx_poverty_outcomes.R","propagate",0.944714460728023,"weak",FALSE,"outcome",426250571.191566,-0.0481846186145789,0.0846975802241604,-0.214191875853933,0.117822638624775
"qend__median_real_income_fred_q",2,139,0.0059617854970296,0.0111427911869613,0.593518934490164,-0.0158780852294146,0.0278016562234738,0.958422520044162,"ui_benefits","median_real_income_fred_q","outcome","dflmx_20260403T201028Z_propagate","2026-04-03T20:10:28Z","config_dflmx_poverty_outcomes","econark-r/dflmx-R/config_dflmx_poverty_outcomes.R","propagate",0.944714460728023,"weak",FALSE,"outcome",7857.55698964769,46.8450693029652,87.5551167752924,-124.762959576608,218.453098182539
"qend__poverty_child_q",8,133,6.9793745396557e-06,1.3343377507201e-05,0.601844540265338,-1.91736453744582e-05,3.31323944537696e-05,0.639794174188023,"ui_benefits","poverty_child_q","outcome","dflmx_20260403T201028Z_propagate","2026-04-03T20:10:28Z","config_dflmx_poverty_outcomes","econark-r/dflmx-R/config_dflmx_poverty_outcomes.R","propagate",0.944714460728023,"weak",FALSE,"outcome",7857.55698964769,0.0548408331974408,0.104846349197215,-0.1506580112291,0.260339677623982
"qend__gini_households_q",8,133,-2.91773901252704e-07,5.73398973003178e-07,0.61174045767716,-1.41563588833893e-06,8.32088085833525e-07,0.785849518486287,"social_security","gini_households_q","outcome","dflmx_20260403T201028Z_propagate","2026-04-03T20:10:28Z","config_dflmx_poverty_outcomes","econark-r/dflmx-R/config_dflmx_poverty_outcomes.R","propagate",0.944714460728023,"weak",FALSE,"outcome",918.684968267605,-0.000268048297213656,0.000526773017318102,-0.00130052341115713,0.000764426816729824
"qend__gini_households_q",8,133,-0.000788813845710438,0.00155665049006646,0.613217380893843,-0.00383984880624071,0.00226222111481983,0.786042913814381,"fed_funds","gini_households_q","outcome","dflmx_20260403T201028Z_propagate","2026-04-03T20:10:28Z","config_dflmx_poverty_outcomes","econark-r/dflmx-R/config_dflmx_poverty_outcomes.R","propagate",0.944714460728023,"weak",FALSE,"outcome",0.323960690840969,-0.000255544678401275,0.000504293568159863,-0.00124396007199461,0.000732870715192059
"qend__wealth_share_gap_top10_bottom50",2,139,-4.68882653870249e-07,9.51178307441351e-07,0.622861317365694,-2.3331921364553e-06,1.3954268287148e-06,0.972839487485792,"transfer_composite","wealth_share_gap_top10_bottom50","outcome","dflmx_20260403T201028Z_propagate","2026-04-03T20:10:28Z","config_dflmx_poverty_outcomes","econark-r/dflmx-R/config_dflmx_poverty_outcomes.R","propagate",0.944714460728023,"weak",FALSE,"outcome",91677.2867198561,-0.0429858894968299,0.0872014464130082,-0.213900724466326,0.127928945472666
"qend__wealth_share_gap_top1_bottom50",8,133,-0.235673085869741,0.49181407407461,0.632626541620097,-1.19962867105598,0.728282499316494,0.845665339962541,"fed_funds","wealth_share_gap_top1_bottom50","outcome","dflmx_20260403T201028Z_propagate","2026-04-03T20:10:28Z","config_dflmx_poverty_outcomes","econark-r/dflmx-R/config_dflmx_poverty_outcomes.R","propagate",0.944714460728023,"weak",FALSE,"outcome",0.323960690840969,-0.0763488157109843,0.159328427202522,-0.388632533027929,0.235934901605959
"qend__poverty_all_q",4,137,2.77456220262858e-05,5.79677299543644e-05,0.632993298045685,-8.58711286842685e-05,0.00014136237273684,0.811415930430868,"social_security","poverty_all_q","outcome","dflmx_20260403T201028Z_propagate","2026-04-03T20:10:28Z","config_dflmx_poverty_outcomes","econark-r/dflmx-R/config_dflmx_poverty_outcomes.R","propagate",0.944714460728023,"weak",FALSE,"outcome",918.684968267605,0.0254894858907833,0.0532540821536704,-0.0788885151304107,0.129867486911977
"qend__median_real_income_fred_q",2,139,0.0554170568402941,0.118419295591496,0.640569709190916,-0.176684762519038,0.287518876199627,0.958343905538708,"social_security","median_real_income_fred_q","outcome","dflmx_20260403T201028Z_propagate","2026-04-03T20:10:28Z","config_dflmx_poverty_outcomes","econark-r/dflmx-R/config_dflmx_poverty_outcomes.R","propagate",0.944714460728023,"weak",FALSE,"outcome",918.684968267605,50.9108171048097,108.790026812746,-162.317635448172,264.139269657792
"qend__median_real_income_fred_q",8,133,1.50142783434255e-05,3.3784910168894e-05,0.657504136896512,-5.12041455876068e-05,8.12327022744577e-05,0.800627886068543,"credit_composite","median_real_income_fred_q","outcome","dflmx_20260403T201028Z_propagate","2026-04-03T20:10:28Z","config_dflmx_poverty_outcomes","econark-r/dflmx-R/config_dflmx_poverty_outcomes.R","propagate",0.944714460728023,"weak",FALSE,"outcome",9779962.69423964,146.839082079632,330.415161080021,-500.77463363721,794.452797796472
"qend__wealth_share_gap_top10_bottom50",8,133,1.60718720759335e-10,3.69274233314215e-10,0.664135221899033,-5.63058776536527e-10,8.84496218055197e-10,0.835141856238503,"home_equity","wealth_share_gap_top10_bottom50","outcome","dflmx_20260403T201028Z_propagate","2026-04-03T20:10:28Z","config_dflmx_poverty_outcomes","econark-r/dflmx-R/config_dflmx_poverty_outcomes.R","propagate",0.944714460728023,"weak",FALSE,"outcome",426250571.191566,0.0685064465248444,0.157403352876512,-0.240004125113119,0.377017018162808
"qend__median_real_income_fred_q",4,137,-6.75252536354961e-06,1.66233591725644e-05,0.685253277823631,-3.93343093417759e-05,2.58292586146767e-05,0.88960675234257,"credit_composite","median_real_income_fred_q","outcome","dflmx_20260403T201028Z_propagate","2026-04-03T20:10:28Z","config_dflmx_poverty_outcomes","econark-r/dflmx-R/config_dflmx_poverty_outcomes.R","propagate",0.944714460728023,"weak",FALSE,"outcome",9779962.69423964,-66.0394461474222,162.575832560626,-384.68807796625,252.609185671406
"qend__wealth_share_gap_top10_bottom50",2,139,-0.0755911542263267,0.188312740136857,0.688760420621688,-0.444684124894566,0.293501816441913,0.972732266507504,"fed_funds","wealth_share_gap_top10_bottom50","outcome","dflmx_20260403T201028Z_propagate","2026-04-03T20:10:28Z","config_dflmx_poverty_outcomes","econark-r/dflmx-R/config_dflmx_poverty_outcomes.R","propagate",0.944714460728023,"weak",FALSE,"outcome",0.323960690840969,-0.024488562544627,0.0610059253888921,-0.144060176306855,0.0950830512176014
"qend__poverty_child_q",2,139,1.66638165784754e-05,4.25574166796731e-05,0.696009389016727,-6.67487201136839e-05,0.000100076353270635,0.946299023796324,"social_security","poverty_child_q","outcome","dflmx_20260403T201028Z_propagate","2026-04-03T20:10:28Z","config_dflmx_poverty_outcomes","econark-r/dflmx-R/config_dflmx_poverty_outcomes.R","propagate",0.944714460728023,"weak",FALSE,"outcome",918.684968267605,0.0153087978046139,0.0390968589919167,-0.061321045819543,0.091938641428771
"qend__poverty_all_q",8,133,3.69174597183499e-05,9.60142405182515e-05,0.701251097376515,-0.000151270451697423,0.000225105371134123,0.548343184397454,"social_security","poverty_all_q","outcome","dflmx_20260403T201028Z_propagate","2026-04-03T20:10:28Z","config_dflmx_poverty_outcomes","econark-r/dflmx-R/config_dflmx_poverty_outcomes.R","propagate",0.944714460728023,"weak",FALSE,"outcome",918.684968267605,0.0339155153098729,0.0882068395037481,-0.138969890117473,0.206800920737219
"qend__gini_households_q",4,137,1.40185544581794e-07,3.65306949225259e-07,0.701787885112246,-5.75816075899713e-07,8.56187165063301e-07,0.856452679713011,"social_security","gini_households_q","outcome","dflmx_20260403T201028Z_propagate","2026-04-03T20:10:28Z","config_dflmx_poverty_outcomes","econark-r/dflmx-R/config_dflmx_poverty_outcomes.R","propagate",0.944714460728023,"weak",FALSE,"outcome",918.684968267605,0.000128786352575702,0.000335602003056943,-0.000528993573415905,0.00078656627856731
"qend__gini_households_q",8,133,-1.69416711880867e-08,4.81499000259653e-08,0.725531884407406,-1.11315475238979e-07,7.74321328628054e-08,0.788876444840316,"ui_benefits","gini_households_q","outcome","dflmx_20260403T201028Z_propagate","2026-04-03T20:10:28Z","config_dflmx_poverty_outcomes","econark-r/dflmx-R/config_dflmx_poverty_outcomes.R","propagate",0.964314529908578,"weak",FALSE,"outcome",7857.55698964769,-0.000133120146860264,0.000378340583499861,-0.000874667690519994,0.000608427396799465
"qend__wealth_share_gap_top10_bottom50",8,133,-0.126129036671537,0.396184821066755,0.750735502783497,-0.902651285962377,0.650393212619304,0.827580341591919,"fed_funds","wealth_share_gap_top10_bottom50","outcome","dflmx_20260403T201028Z_propagate","2026-04-03T20:10:28Z","config_dflmx_poverty_outcomes","econark-r/dflmx-R/config_dflmx_poverty_outcomes.R","propagate",0.974150126817044,"weak",FALSE,"outcome",0.323960690840969,-0.040860849855217,0.128348308333492,-0.292423534188861,0.210701834478427
"qend__wealth_share_gap_top1_bottom50",8,133,2.2121107595515e-09,6.97022472485383e-09,0.751487240687434,-1.1449529701162e-08,1.5873751220265e-08,0.842935930099177,"credit_composite","wealth_share_gap_top1_bottom50","outcome","dflmx_20260403T201028Z_propagate","2026-04-03T20:10:28Z","config_dflmx_poverty_outcomes","econark-r/dflmx-R/config_dflmx_poverty_outcomes.R","propagate",0.974150126817044,"weak",FALSE,"outcome",9779962.69423964,0.0216343607039398,0.0681685377795372,-0.111975973343953,0.155244694751833
"qend__poverty_child_q",8,133,3.77593695835828e-05,0.000139203023605031,0.786636129588216,-0.000235078556682277,0.000310597295849443,0.63924123188911,"social_security","poverty_child_q","outcome","dflmx_20260403T201028Z_propagate","2026-04-03T20:10:28Z","config_dflmx_poverty_outcomes","econark-r/dflmx-R/config_dflmx_poverty_outcomes.R","propagate",0.99646741182828,"weak",FALSE,"outcome",918.684968267605,0.0346889652476985,0.127883725323343,-0.215963136386052,0.28534106688145
"qend__wealth_share_gap_top1_bottom50",2,139,-5.87682753170378e-11,2.18493282887567e-10,0.788369082088936,-4.87015109776669e-10,3.69478559142594e-10,0.957353598624341,"home_equity","wealth_share_gap_top1_bottom50","outcome","dflmx_20260403T201028Z_propagate","2026-04-03T20:10:28Z","config_dflmx_poverty_outcomes","econark-r/dflmx-R/config_dflmx_poverty_outcomes.R","propagate",0.99646741182828,"weak",FALSE,"outcome",426250571.191566,-0.0250500109218306,0.0931328866323459,-0.207590468721228,0.157490446877568
"qend__median_real_income_fred_q",8,133,-0.0784886183175442,0.309504675677678,0.800219086881641,-0.685117782645793,0.528140546010705,0.798632164483145,"social_security","median_real_income_fred_q","outcome","dflmx_20260403T201028Z_propagate","2026-04-03T20:10:28Z","config_dflmx_poverty_outcomes","econark-r/dflmx-R/config_dflmx_poverty_outcomes.R","propagate",0.99646741182828,"weak",FALSE,"outcome",918.684968267605,-72.1063138284213,284.337293153623,-629.407408409523,485.19478075268
"qend__poverty_child_q",4,133,0.148742475863025,0.619063347597937,0.810508198110669,-1.06462168542893,1.36210663715498,0.85238218611673,"cc_delinquency","poverty_child_q","outcome","dflmx_20260403T201028Z_propagate","2026-04-03T20:10:28Z","config_dflmx_poverty_outcomes","econark-r/dflmx-R/config_dflmx_poverty_outcomes.R","propagate",0.99646741182828,"weak",FALSE,"outcome",0.143746899264303,0.0213812696942053,0.088988436665383,-0.153036066169945,0.195798605558356
"qend__poverty_all_q",8,133,-1.87083791011082e-09,8.52986666213678e-09,0.826746727669848,-1.85893765678989e-08,1.48477007476773e-08,0.548201436214223,"credit_composite","poverty_all_q","outcome","dflmx_20260403T201028Z_propagate","2026-04-03T20:10:28Z","config_dflmx_poverty_outcomes","econark-r/dflmx-R/config_dflmx_poverty_outcomes.R","propagate",0.99646741182828,"weak",FALSE,"outcome",9779962.69423964,-0.0182967249678531,0.0834217777425361,-0.181803409343224,0.145209959407518
"qend__poverty_all_q",8,129,-0.12824194713376,0.666314018191821,0.847695603799861,-1.43421742278973,1.17773352852221,0.551543019028109,"cc_delinquency","poverty_all_q","outcome","dflmx_20260403T201028Z_propagate","2026-04-03T20:10:28Z","config_dflmx_poverty_outcomes","econark-r/dflmx-R/config_dflmx_poverty_outcomes.R","propagate",0.99646741182828,"weak",FALSE,"outcome",0.143746899264303,-0.0184343822560947,0.0957805740514129,-0.206164307396864,0.169295542884675
"qend__wealth_share_gap_top1_bottom50",2,139,0.0386014598030307,0.220708118367232,0.861425571216438,-0.393986452196743,0.471189371802805,0.957538787814784,"fed_funds","wealth_share_gap_top1_bottom50","outcome","dflmx_20260403T201028Z_propagate","2026-04-03T20:10:28Z","config_dflmx_poverty_outcomes","econark-r/dflmx-R/config_dflmx_poverty_outcomes.R","propagate",0.99646741182828,"weak",FALSE,"outcome",0.323960690840969,0.0125053555852597,0.0715007545004588,-0.127636123235639,0.152646834406159
"qend__poverty_child_q",4,137,1.44466719171516e-05,8.75332974201052e-05,0.869165320658583,-0.000157118591026255,0.000186011934860558,0.857023627786647,"social_security","poverty_child_q","outcome","dflmx_20260403T201028Z_propagate","2026-04-03T20:10:28Z","config_dflmx_poverty_outcomes","econark-r/dflmx-R/config_dflmx_poverty_outcomes.R","propagate",0.99646741182828,"weak",FALSE,"outcome",918.684968267605,0.0132719403317809,0.0804155245627482,-0.144342487811206,0.170886368474768
"qend__wealth_share_gap_top1_bottom50",8,133,4.11753419139721e-11,2.60618111344095e-10,0.874714744780199,-4.69636156320453e-10,5.51986840148398e-10,0.846156067585342,"home_equity","wealth_share_gap_top1_bottom50","outcome","dflmx_20260403T201028Z_propagate","2026-04-03T20:10:28Z","config_dflmx_poverty_outcomes","econark-r/dflmx-R/config_dflmx_poverty_outcomes.R","propagate",0.99646741182828,"weak",FALSE,"outcome",426250571.191566,0.0175510130098386,0.111088618823288,-0.200182679883805,0.235284705903482
"qend__median_real_income_fred_q",4,137,0.032512234907891,0.234122782924942,0.889767467477365,-0.426368419624996,0.491392889440778,0.889393620596117,"social_security","median_real_income_fred_q","outcome","dflmx_20260403T201028Z_propagate","2026-04-03T20:10:28Z","config_dflmx_poverty_outcomes","econark-r/dflmx-R/config_dflmx_poverty_outcomes.R","propagate",0.99646741182828,"weak",FALSE,"outcome",918.684968267605,29.8685014946648,215.085081402124,-391.698258053498,451.435261042828
"qend__poverty_all_q",2,135,-0.0303322183196397,0.237338700254057,0.898505156483513,-0.495516070817591,0.434851634178312,0.923603916013834,"cc_delinquency","poverty_all_q","outcome","dflmx_20260403T201028Z_propagate","2026-04-03T20:10:28Z","config_dflmx_poverty_outcomes","econark-r/dflmx-R/config_dflmx_poverty_outcomes.R","propagate",0.99646741182828,"weak",FALSE,"outcome",0.143746899264303,-0.0043601623312561,0.0341167022369406,-0.0712288987156596,0.0625085740531475
"qend__wealth_share_gap_top10_bottom50",4,137,-0.0326555836263564,0.275521157350362,0.905834852575266,-0.572677052033066,0.507365884780353,0.936521811412294,"fed_funds","wealth_share_gap_top10_bottom50","outcome","dflmx_20260403T201028Z_propagate","2026-04-03T20:10:28Z","config_dflmx_poverty_outcomes","econark-r/dflmx-R/config_dflmx_poverty_outcomes.R","propagate",0.99646741182828,"weak",FALSE,"outcome",0.323960690840969,-0.0105791254314095,0.0892580244765266,-0.185524853405402,0.164366602542583
"qend__poverty_child_q",2,139,-0.0155673399771683,0.153924416699461,0.919594600154019,-0.317259196708113,0.286124516753776,0.948822604018823,"fed_funds","poverty_child_q","outcome","dflmx_20260403T201028Z_propagate","2026-04-03T20:10:28Z","config_dflmx_poverty_outcomes","econark-r/dflmx-R/config_dflmx_poverty_outcomes.R","propagate",0.99646741182828,"weak",FALSE,"outcome",0.323960690840969,-0.00504320621355968,0.0498654603712506,-0.102779508541211,0.0926930961140917
"qend__gini_households_q",4,137,-0.000132819242216221,0.00148329000728556,0.928786600437297,-0.00304006765649592,0.00277442917206348,0.856076133311311,"fed_funds","gini_households_q","outcome","dflmx_20260403T201028Z_propagate","2026-04-03T20:10:28Z","config_dflmx_poverty_outcomes","econark-r/dflmx-R/config_dflmx_poverty_outcomes.R","propagate",0.99646741182828,"weak",FALSE,"outcome",0.323960690840969,-4.30282134653409e-05,0.000480527655477736,-0.000984862418201704,0.000898805991271023
"qend__wealth_share_gap_top1_bottom50",2,139,2.21164898516676e-10,3.86035312043052e-09,0.954399082482728,-7.34512721752713e-09,7.78745701456049e-09,0.958087906121794,"credit_composite","wealth_share_gap_top1_bottom50","outcome","dflmx_20260403T201028Z_propagate","2026-04-03T20:10:28Z","config_dflmx_poverty_outcomes","econark-r/dflmx-R/config_dflmx_poverty_outcomes.R","propagate",0.99646741182828,"weak",FALSE,"outcome",9779962.69423964,0.00216298445676839,0.0377541095044021,-0.0718350701718596,0.0761610390853964
"qend__poverty_all_q",4,133,0.0192332895943362,0.396994228430206,0.961435887918388,-0.758875398128867,0.79734197731754,0.809519618257482,"cc_delinquency","poverty_all_q","outcome","dflmx_20260403T201028Z_propagate","2026-04-03T20:10:28Z","config_dflmx_poverty_outcomes","econark-r/dflmx-R/config_dflmx_poverty_outcomes.R","propagate",0.99646741182828,"weak",FALSE,"outcome",0.143746899264303,0.00276472574183822,0.0570666893626666,-0.109085985408988,0.114615436892665
"qend__wealth_share_gap_top1_bottom50",8,133,3.27335125568861e-08,9.43747969731629e-07,0.972385703436079,-1.81701250811711e-06,1.88247953323088e-06,0.84274329266,"transfer_composite","wealth_share_gap_top1_bottom50","outcome","dflmx_20260403T201028Z_propagate","2026-04-03T20:10:28Z","config_dflmx_poverty_outcomes","econark-r/dflmx-R/config_dflmx_poverty_outcomes.R","propagate",0.99646741182828,"weak",FALSE,"outcome",91677.2867198561,0.00300091961602566,0.0865202532123687,-0.166578776680217,0.172580615912268
"qend__gini_households_q",8,133,-5.75354342148441e-15,1.70633169492492e-13,0.973154335396633,-3.40194555626768e-13,3.28687468783799e-13,0.79328433430828,"household_networth","gini_households_q","outcome","dflmx_20260403T201028Z_propagate","2026-04-03T20:10:28Z","config_dflmx_poverty_outcomes","econark-r/dflmx-R/config_dflmx_poverty_outcomes.R","propagate",0.99646741182828,"weak",FALSE,"outcome",1982941501.15701,-1.14089400291703e-05,0.00033835559326062,-0.000674585902819984,0.000651768022761643
"qend__wealth_share_gap_top1_bottom50",4,137,-0.00640552969652869,0.331938452743891,0.984633265507187,-0.657004897074555,0.644193837681497,0.923210989944943,"fed_funds","wealth_share_gap_top1_bottom50","outcome","dflmx_20260403T201028Z_propagate","2026-04-03T20:10:28Z","config_dflmx_poverty_outcomes","econark-r/dflmx-R/config_dflmx_poverty_outcomes.R","propagate",0.99646741182828,"weak",FALSE,"outcome",0.323960690840969,-0.00207513982568978,0.107535010467593,-0.212843760342173,0.208693480690793
"qend__median_real_income_fred_q",4,137,-0.000343702883503663,0.0221378932848884,0.987636524595508,-0.0437339737218849,0.0430465679548776,0.889763300630975,"ui_benefits","median_real_income_fred_q","outcome","dflmx_20260403T201028Z_propagate","2026-04-03T20:10:28Z","config_dflmx_poverty_outcomes","econark-r/dflmx-R/config_dflmx_poverty_outcomes.R","propagate",0.99646741182828,"weak",FALSE,"outcome",7857.55698964769,-2.70066499463627,173.94975811675,-343.642190903465,338.240860914193
"qend__poverty_child_q",8,129,-0.0101989568145757,0.958345900332299,0.991526115154562,-1.88855692146588,1.86815900783673,0.632193660825282,"cc_delinquency","poverty_child_q","outcome","dflmx_20260403T201028Z_propagate","2026-04-03T20:10:28Z","config_dflmx_poverty_outcomes","econark-r/dflmx-R/config_dflmx_poverty_outcomes.R","propagate",0.99646741182828,"weak",FALSE,"outcome",0.143746899264303,-0.00146606841782579,0.137759251595425,-0.271474201544859,0.268542064709207
"qend__poverty_child_q",8,133,-1.15939069930443e-10,1.38671140192447e-08,0.993342306677333,-2.729548254765e-08,2.70636044077891e-08,0.639652151164771,"credit_composite","poverty_child_q","outcome","dflmx_20260403T201028Z_propagate","2026-04-03T20:10:28Z","config_dflmx_poverty_outcomes","econark-r/dflmx-R/config_dflmx_poverty_outcomes.R","propagate",0.99646741182828,"weak",FALSE,"outcome",9779962.69423964,-0.00113387977872457,0.135619857784981,-0.266948801037286,0.264681041479837
"qend__gini_households_q",2,139,-5.80646751777165e-06,0.000853214837594717,0.994580316187998,-0.00167810754920342,0.00166649461416787,0.954079916330216,"fed_funds","gini_households_q","outcome","dflmx_20260403T201028Z_propagate","2026-04-03T20:10:28Z","config_dflmx_poverty_outcomes","econark-r/dflmx-R/config_dflmx_poverty_outcomes.R","propagate",0.99646741182828,"weak",FALSE,"outcome",0.323960690840969,-1.88106722840295e-06,0.00027640806822295,-0.000543640880945385,0.000539878746488577
"qend__poverty_child_q",2,135,0.00164469189393726,0.370756283452042,0.99646741182828,-0.725037623672065,0.72832700745994,0.944397433121735,"cc_delinquency","poverty_child_q","outcome","dflmx_20260403T201028Z_propagate","2026-04-03T20:10:28Z","config_dflmx_poverty_outcomes","econark-r/dflmx-R/config_dflmx_poverty_outcomes.R","propagate",0.99646741182828,"weak",FALSE,"outcome",0.143746899264303,0.000236419359998616,0.0532950661289882,-0.104221910252818,0.104694748972815
